"Jahr","QuarSort","QuarLang","KreisSort","KreisLang","ProjStatus","ProjAnzGbd","ProjKosten","ProjRauminhalt","ProjAnzWhg","Whg_1_3_Zi","Whg_4plus_Zi"
2009,11,"Rathaus",1,"Kreis 1","Fertigerstellt",1,0,1365,3,3,0
2009,11,"Rathaus",1,"Kreis 1","Im Bau",2,0,17690,0,0,0
2009,12,"Hochschulen",1,"Kreis 1","Im Bau",5,32000,42700,4,2,2
2009,14,"City",1,"Kreis 1","Bewilligt",1,0,135000,0,0,0
2009,14,"City",1,"Kreis 1","Im Bau",1,0,17000,0,0,0
2009,21,"Wollishofen",2,"Kreis 2","Bewilligt",2,0,8586,0,0,0
2009,21,"Wollishofen",2,"Kreis 2","Fertigerstellt",14,40251,91912,78,31,47
2009,21,"Wollishofen",2,"Kreis 2","Im Bau",11,36600,62022,73,30,43
2009,23,"Leimbach",2,"Kreis 2","Bewilligt",2,0,66533,81,74,7
2009,23,"Leimbach",2,"Kreis 2","Im Bau",19,77400,108424,194,96,98
2009,24,"Enge",2,"Kreis 2","Bewilligt",2,0,10222,13,6,7
2009,24,"Enge",2,"Kreis 2","Im Bau",4,30000,32300,14,7,7
2009,31,"Alt-Wiedikon",3,"Kreis 3","Bewilligt",12,90500,127776,119,89,30
2009,31,"Alt-Wiedikon",3,"Kreis 3","Fertigerstellt",0,15700,75360,0,0,0
2009,31,"Alt-Wiedikon",3,"Kreis 3","Im Bau",22,413200,423372,247,140,107
2009,33,"Friesenberg",3,"Kreis 3","Bewilligt",81,63490,113226,155,62,93
2009,33,"Friesenberg",3,"Kreis 3","Fertigerstellt",15,34000,59653,114,43,71
2009,33,"Friesenberg",3,"Kreis 3","Im Bau",2,0,217273,0,0,0
2009,34,"Sihlfeld",3,"Kreis 3","Bewilligt",23,77420,103515,154,36,118
2009,34,"Sihlfeld",3,"Kreis 3","Fertigerstellt",4,10300,12828,27,15,12
2009,34,"Sihlfeld",3,"Kreis 3","Im Bau",8,0,90150,166,92,74
2009,41,"Werd",4,"Kreis 4","Fertigerstellt",2,0,13160,24,12,12
2009,41,"Werd",4,"Kreis 4","Im Bau",1,0,45200,0,0,0
2009,42,"Langstrasse",4,"Kreis 4","Bewilligt",5,0,229123,31,31,0
2009,42,"Langstrasse",4,"Kreis 4","Fertigerstellt",0,0,23206,0,0,0
2009,42,"Langstrasse",4,"Kreis 4","Im Bau",7,254600,463280,8,0,8
2009,44,"Hard",4,"Kreis 4","Bewilligt",2,0,623282,119,115,4
2009,44,"Hard",4,"Kreis 4","Fertigerstellt",0,30000,34583,0,0,0
2009,44,"Hard",4,"Kreis 4","Im Bau",3,0,54566,68,49,19
2009,51,"Gewerbeschule",5,"Kreis 5","Bewilligt",3,0,27992,39,18,21
2009,51,"Gewerbeschule",5,"Kreis 5","Fertigerstellt",1,0,4147,4,1,3
2009,51,"Gewerbeschule",5,"Kreis 5","Im Bau",3,0,53448,7,5,2
2009,52,"Escher Wyss",5,"Kreis 5","Bewilligt",11,0,316301,258,216,42
2009,52,"Escher Wyss",5,"Kreis 5","Fertigerstellt",6,0,48790,38,27,11
2009,52,"Escher Wyss",5,"Kreis 5","Im Bau",23,0,1662876,687,336,351
2009,61,"Unterstrass",6,"Kreis 6","Bewilligt",1,0,4180,8,5,3
2009,61,"Unterstrass",6,"Kreis 6","Fertigerstellt",0,500,192,0,0,0
2009,61,"Unterstrass",6,"Kreis 6","Im Bau",19,74932,98264,138,39,99
2009,63,"Oberstrass",6,"Kreis 6","Bewilligt",7,0,19696,26,17,9
2009,63,"Oberstrass",6,"Kreis 6","Fertigerstellt",4,5161,5665,5,1,4
2009,63,"Oberstrass",6,"Kreis 6","Im Bau",9,52837,57992,29,18,11
2009,71,"Fluntern",7,"Kreis 7","Bewilligt",6,0,58865,23,9,14
2009,71,"Fluntern",7,"Kreis 7","Fertigerstellt",2,0,7800,7,2,5
2009,71,"Fluntern",7,"Kreis 7","Im Bau",30,118828,113384,111,63,48
2009,72,"Hottingen",7,"Kreis 7","Bewilligt",8,14430,11382,8,2,6
2009,72,"Hottingen",7,"Kreis 7","Fertigerstellt",6,56800,63920,67,61,6
2009,72,"Hottingen",7,"Kreis 7","Im Bau",5,0,18170,7,0,7
2009,73,"Hirslanden",7,"Kreis 7","Bewilligt",3,0,11100,17,10,7
2009,73,"Hirslanden",7,"Kreis 7","Fertigerstellt",2,0,1917,1,1,0
2009,73,"Hirslanden",7,"Kreis 7","Im Bau",12,27480,33054,39,18,21
2009,74,"Witikon",7,"Kreis 7","Bewilligt",12,35937,49788,57,25,32
2009,74,"Witikon",7,"Kreis 7","Fertigerstellt",9,20207,27174,34,6,28
2009,74,"Witikon",7,"Kreis 7","Im Bau",2,0,6511,7,2,5
2009,81,"Seefeld",8,"Kreis 8","Bewilligt",4,28200,33259,57,53,4
2009,81,"Seefeld",8,"Kreis 8","Fertigerstellt",3,0,16953,20,17,3
2009,81,"Seefeld",8,"Kreis 8","Im Bau",6,0,30216,54,43,11
2009,82,"Mühlebach",8,"Kreis 8","Bewilligt",7,33400,32456,39,18,21
2009,82,"Mühlebach",8,"Kreis 8","Fertigerstellt",4,31600,43880,89,84,5
2009,82,"Mühlebach",8,"Kreis 8","Im Bau",11,47572,45214,51,30,21
2009,83,"Weinegg",8,"Kreis 8","Bewilligt",7,34000,63500,29,4,25
2009,83,"Weinegg",8,"Kreis 8","Fertigerstellt",3,0,2745,2,0,2
2009,83,"Weinegg",8,"Kreis 8","Im Bau",3,0,19865,0,0,0
2009,91,"Albisrieden",9,"Kreis 9","Bewilligt",17,93579,114443,126,64,62
2009,91,"Albisrieden",9,"Kreis 9","Fertigerstellt",19,108083,198135,228,163,65
2009,91,"Albisrieden",9,"Kreis 9","Im Bau",33,165943,236751,380,176,204
2009,92,"Altstetten",9,"Kreis 9","Bewilligt",19,88712,135796,174,72,102
2009,92,"Altstetten",9,"Kreis 9","Fertigerstellt",5,23210,30137,15,11,4
2009,92,"Altstetten",9,"Kreis 9","Im Bau",55,371022,421297,594,438,156
2009,101,"Höngg",10,"Kreis 10","Bewilligt",34,147160,214206,337,143,194
2009,101,"Höngg",10,"Kreis 10","Fertigerstellt",21,0,150387,114,46,68
2009,101,"Höngg",10,"Kreis 10","Im Bau",9,129530,36183,34,15,19
2009,102,"Wipkingen",10,"Kreis 10","Bewilligt",16,80800,110787,193,129,64
2009,102,"Wipkingen",10,"Kreis 10","Fertigerstellt",1,0,2800,4,3,1
2009,102,"Wipkingen",10,"Kreis 10","Im Bau",14,55952,57204,58,33,25
2009,111,"Affoltern",11,"Kreis 11","Bewilligt",26,104490,170931,296,213,83
2009,111,"Affoltern",11,"Kreis 11","Fertigerstellt",18,78800,123623,171,80,91
2009,111,"Affoltern",11,"Kreis 11","Im Bau",66,363150,514386,831,406,425
2009,115,"Oerlikon",11,"Kreis 11","Bewilligt",12,41559,60697,101,56,45
2009,115,"Oerlikon",11,"Kreis 11","Fertigerstellt",2,0,23100,10,3,7
2009,115,"Oerlikon",11,"Kreis 11","Im Bau",11,93500,227314,30,16,14
2009,119,"Seebach",11,"Kreis 11","Bewilligt",36,359590,550336,368,278,90
2009,119,"Seebach",11,"Kreis 11","Fertigerstellt",15,0,276837,165,78,87
2009,119,"Seebach",11,"Kreis 11","Im Bau",37,253190,372601,345,220,125
2009,121,"Saatlen",12,"Kreis 12","Bewilligt",2,0,61600,0,0,0
2009,121,"Saatlen",12,"Kreis 12","Fertigerstellt",6,14000,30000,48,12,36
2009,122,"Schwamendingen-Mitte",12,"Kreis 12","Bewilligt",5,12000,31950,42,12,30
2009,122,"Schwamendingen-Mitte",12,"Kreis 12","Fertigerstellt",3,0,26939,51,35,16
2009,122,"Schwamendingen-Mitte",12,"Kreis 12","Im Bau",1,0,1552,0,0,0
2009,123,"Hirzenbach",12,"Kreis 12","Bewilligt",2,0,60109,33,33,0
2009,123,"Hirzenbach",12,"Kreis 12","Fertigerstellt",3,0,29960,62,55,7
2010,11,"Rathaus",1,"Kreis 1","Im Bau",2,0,17690,0,0,0
2010,12,"Hochschulen",1,"Kreis 1","Fertigerstellt",1,0,2300,4,2,2
2010,12,"Hochschulen",1,"Kreis 1","Im Bau",4,0,40400,0,0,0
2010,14,"City",1,"Kreis 1","Bewilligt",1,0,135000,0,0,0
2010,14,"City",1,"Kreis 1","Fertigerstellt",0,15000,17000,0,0,0
2010,21,"Wollishofen",2,"Kreis 2","Bewilligt",4,16061,18115,21,13,8
2010,21,"Wollishofen",2,"Kreis 2","Fertigerstellt",11,32885,56899,66,31,35
2010,21,"Wollishofen",2,"Kreis 2","Im Bau",7,36750,57962,58,32,26
2010,23,"Leimbach",2,"Kreis 2","Bewilligt",11,90000,127474,205,156,49
2010,23,"Leimbach",2,"Kreis 2","Fertigerstellt",6,100,21600,36,18,18
2010,23,"Leimbach",2,"Kreis 2","Im Bau",4,32300,21600,33,8,25
2010,24,"Enge",2,"Kreis 2","Bewilligt",18,49500,94736,161,101,60
2010,24,"Enge",2,"Kreis 2","Im Bau",5,36930,35459,15,8,7
2010,31,"Alt-Wiedikon",3,"Kreis 3","Bewilligt",2,0,15800,24,21,3
2010,31,"Alt-Wiedikon",3,"Kreis 3","Fertigerstellt",12,55100,100717,124,71,53
2010,31,"Alt-Wiedikon",3,"Kreis 3","Im Bau",22,445100,444631,318,192,126
2010,33,"Friesenberg",3,"Kreis 3","Im Bau",86,491394,348999,160,62,98
2010,34,"Sihlfeld",3,"Kreis 3","Bewilligt",4,0,40346,25,21,4
2010,34,"Sihlfeld",3,"Kreis 3","Im Bau",29,136357,180555,320,127,193
2010,41,"Werd",4,"Kreis 4","Bewilligt",1,0,664,0,0,0
2010,41,"Werd",4,"Kreis 4","Im Bau",2,0,45200,0,0,0
2010,42,"Langstrasse",4,"Kreis 4","Bewilligt",3,0,145135,93,70,23
2010,42,"Langstrasse",4,"Kreis 4","Im Bau",12,417090,692403,39,31,8
2010,44,"Hard",4,"Kreis 4","Bewilligt",1,0,552282,0,0,0
2010,44,"Hard",4,"Kreis 4","Fertigerstellt",3,0,54566,68,49,19
2010,44,"Hard",4,"Kreis 4","Im Bau",2,0,71031,119,115,4
2010,51,"Gewerbeschule",5,"Kreis 5","Fertigerstellt",0,42400,49745,0,0,0
2010,51,"Gewerbeschule",5,"Kreis 5","Im Bau",3,0,15557,24,16,8
2010,52,"Escher Wyss",5,"Kreis 5","Bewilligt",1,0,63176,51,39,12
2010,52,"Escher Wyss",5,"Kreis 5","Im Bau",28,0,1899504,881,534,347
2010,61,"Unterstrass",6,"Kreis 6","Bewilligt",21,67320,85602,104,78,26
2010,61,"Unterstrass",6,"Kreis 6","Fertigerstellt",10,37880,48700,63,18,45
2010,61,"Unterstrass",6,"Kreis 6","Im Bau",15,47502,58284,91,33,58
2010,63,"Oberstrass",6,"Kreis 6","Bewilligt",4,80325,87590,10,6,4
2010,63,"Oberstrass",6,"Kreis 6","Fertigerstellt",6,43235,43342,11,11,0
2010,63,"Oberstrass",6,"Kreis 6","Im Bau",10,34600,34346,37,21,16
2010,71,"Fluntern",7,"Kreis 7","Bewilligt",9,68391,90463,24,11,13
2010,71,"Fluntern",7,"Kreis 7","Fertigerstellt",11,23920,29469,33,30,3
2010,71,"Fluntern",7,"Kreis 7","Im Bau",20,93308,93332,80,31,49
2010,72,"Hottingen",7,"Kreis 7","Bewilligt",10,43160,33886,19,14,5
2010,72,"Hottingen",7,"Kreis 7","Fertigerstellt",3,0,7563,3,2,1
2010,72,"Hottingen",7,"Kreis 7","Im Bau",5,10400,8107,6,0,6
2010,73,"Hirslanden",7,"Kreis 7","Bewilligt",4,10211,13723,20,11,9
2010,73,"Hirslanden",7,"Kreis 7","Fertigerstellt",7,0,18264,17,4,13
2010,73,"Hirslanden",7,"Kreis 7","Im Bau",5,12230,14790,22,12,10
2010,74,"Witikon",7,"Kreis 7","Bewilligt",14,34017,43170,53,21,32
2010,74,"Witikon",7,"Kreis 7","Im Bau",12,36520,37553,47,21,26
2010,81,"Seefeld",8,"Kreis 8","Bewilligt",4,0,25845,42,38,4
2010,81,"Seefeld",8,"Kreis 8","Fertigerstellt",5,16490,16616,23,9,14
2010,81,"Seefeld",8,"Kreis 8","Im Bau",4,0,37310,70,68,2
2010,82,"Mühlebach",8,"Kreis 8","Bewilligt",2,0,20000,19,14,5
2010,82,"Mühlebach",8,"Kreis 8","Fertigerstellt",0,9172,5747,0,0,0
2010,82,"Mühlebach",8,"Kreis 8","Im Bau",17,106800,101237,89,43,46
2010,83,"Weinegg",8,"Kreis 8","Bewilligt",7,31400,53000,29,4,25
2010,83,"Weinegg",8,"Kreis 8","Fertigerstellt",0,17253,15000,0,0,0
2010,83,"Weinegg",8,"Kreis 8","Im Bau",2,0,4865,0,0,0
2010,91,"Albisrieden",9,"Kreis 9","Bewilligt",15,36510,48766,81,34,47
2010,91,"Albisrieden",9,"Kreis 9","Fertigerstellt",10,21610,29315,37,20,17
2010,91,"Albisrieden",9,"Kreis 9","Im Bau",39,254163,320781,478,229,249
2010,92,"Altstetten",9,"Kreis 9","Bewilligt",22,223780,366718,521,424,97
2010,92,"Altstetten",9,"Kreis 9","Fertigerstellt",36,120192,187532,264,180,84
2010,92,"Altstetten",9,"Kreis 9","Im Bau",43,309240,305227,427,317,110
2010,101,"Höngg",10,"Kreis 10","Bewilligt",31,137100,193310,310,137,173
2010,101,"Höngg",10,"Kreis 10","Fertigerstellt",5,10700,13249,21,12,9
2010,101,"Höngg",10,"Kreis 10","Im Bau",19,158901,73371,85,40,45
2010,102,"Wipkingen",10,"Kreis 10","Bewilligt",21,148500,171441,192,119,73
2010,102,"Wipkingen",10,"Kreis 10","Fertigerstellt",10,43452,42839,39,20,19
2010,102,"Wipkingen",10,"Kreis 10","Im Bau",10,22020,27485,39,23,16
2010,111,"Affoltern",11,"Kreis 11","Bewilligt",9,27045,40836,71,53,18
2010,111,"Affoltern",11,"Kreis 11","Fertigerstellt",24,72850,119909,204,98,106
2010,111,"Affoltern",11,"Kreis 11","Im Bau",69,390340,554708,865,473,392
2010,115,"Oerlikon",11,"Kreis 11","Bewilligt",10,49570,65575,105,83,22
2010,115,"Oerlikon",11,"Kreis 11","Fertigerstellt",10,47200,121819,31,19,12
2010,115,"Oerlikon",11,"Kreis 11","Im Bau",18,110489,196847,149,85,64
2010,119,"Seebach",11,"Kreis 11","Bewilligt",22,178685,351669,135,89,46
2010,119,"Seebach",11,"Kreis 11","Fertigerstellt",32,66310,119973,158,72,86
2010,119,"Seebach",11,"Kreis 11","Im Bau",42,402240,550005,499,358,141
2010,121,"Saatlen",12,"Kreis 12","Bewilligt",1,0,60000,0,0,0
2010,121,"Saatlen",12,"Kreis 12","Fertigerstellt",0,5,20,0,0,0
2010,122,"Schwamendingen-Mitte",12,"Kreis 12","Bewilligt",10,0,96267,148,104,44
2010,122,"Schwamendingen-Mitte",12,"Kreis 12","Fertigerstellt",0,2000,1552,0,0,0
2010,123,"Hirzenbach",12,"Kreis 12","Bewilligt",35,197000,290719,395,298,97
2011,11,"Rathaus",1,"Kreis 1","Fertigerstellt",0,35000,17690,0,0,0
2011,12,"Hochschulen",1,"Kreis 1","Im Bau",5,0,45573,0,0,0
2011,14,"City",1,"Kreis 1","Bewilligt",1,0,135000,0,0,0
2011,14,"City",1,"Kreis 1","Im Bau",1,0,3848,0,0,0
2011,21,"Wollishofen",2,"Kreis 2","Bewilligt",24,63011,76746,109,63,46
2011,21,"Wollishofen",2,"Kreis 2","Fertigerstellt",3,0,10962,25,21,4
2011,21,"Wollishofen",2,"Kreis 2","Im Bau",9,41220,63689,54,24,30
2011,23,"Leimbach",2,"Kreis 2","Bewilligt",9,44950,71888,101,99,2
2011,23,"Leimbach",2,"Kreis 2","Fertigerstellt",5,33540,22480,29,9,20
2011,23,"Leimbach",2,"Kreis 2","Im Bau",10,68200,65224,140,92,48
2011,24,"Enge",2,"Kreis 2","Bewilligt",20,162510,159353,161,120,41
2011,24,"Enge",2,"Kreis 2","Fertigerstellt",0,25330,23877,0,0,0
2011,24,"Enge",2,"Kreis 2","Im Bau",7,25500,23826,40,21,19
2011,31,"Alt-Wiedikon",3,"Kreis 3","Bewilligt",10,0,142048,36,16,20
2011,31,"Alt-Wiedikon",3,"Kreis 3","Fertigerstellt",10,88100,108655,137,71,66
2011,31,"Alt-Wiedikon",3,"Kreis 3","Im Bau",16,370700,354265,335,288,47
2011,33,"Friesenberg",3,"Kreis 3","Fertigerstellt",1,0,4400,5,0,5
2011,33,"Friesenberg",3,"Kreis 3","Im Bau",87,496044,349393,158,65,93
2011,34,"Sihlfeld",3,"Kreis 3","Bewilligt",3,0,16030,28,28,0
2011,34,"Sihlfeld",3,"Kreis 3","Fertigerstellt",2,0,35000,85,32,53
2011,34,"Sihlfeld",3,"Kreis 3","Im Bau",30,144321,181651,269,84,185
2011,41,"Werd",4,"Kreis 4","Bewilligt",15,0,124776,129,83,46
2011,41,"Werd",4,"Kreis 4","Fertigerstellt",0,0,664,0,0,0
2011,41,"Werd",4,"Kreis 4","Im Bau",2,0,45200,0,0,0
2011,42,"Langstrasse",4,"Kreis 4","Bewilligt",17,259250,302414,238,166,72
2011,42,"Langstrasse",4,"Kreis 4","Fertigerstellt",2,0,4900,8,4,4
2011,42,"Langstrasse",4,"Kreis 4","Im Bau",12,432190,714064,60,53,7
2011,44,"Hard",4,"Kreis 4","Bewilligt",1,0,552282,0,0,0
2011,44,"Hard",4,"Kreis 4","Fertigerstellt",0,300,31,0,0,0
2011,44,"Hard",4,"Kreis 4","Im Bau",1,0,71000,119,115,4
2011,51,"Gewerbeschule",5,"Kreis 5","Bewilligt",1,0,18884,22,16,6
2011,51,"Gewerbeschule",5,"Kreis 5","Fertigerstellt",2,0,15557,27,22,5
2011,52,"Escher Wyss",5,"Kreis 5","Bewilligt",8,0,130800,211,161,50
2011,52,"Escher Wyss",5,"Kreis 5","Fertigerstellt",0,559900,598316,0,0,0
2011,52,"Escher Wyss",5,"Kreis 5","Im Bau",37,915444,1214121,815,628,187
2011,61,"Unterstrass",6,"Kreis 6","Bewilligt",24,0,75498,120,106,14
2011,61,"Unterstrass",6,"Kreis 6","Fertigerstellt",15,48902,58284,87,30,57
2011,61,"Unterstrass",6,"Kreis 6","Im Bau",14,43460,66669,100,66,34
2011,63,"Oberstrass",6,"Kreis 6","Bewilligt",2,0,9730,7,4,3
2011,63,"Oberstrass",6,"Kreis 6","Fertigerstellt",4,13600,16719,13,7,6
2011,63,"Oberstrass",6,"Kreis 6","Im Bau",11,104260,102125,30,18,12
2011,71,"Fluntern",7,"Kreis 7","Bewilligt",9,30954,32173,33,14,19
2011,71,"Fluntern",7,"Kreis 7","Fertigerstellt",20,86808,88432,73,29,44
2011,71,"Fluntern",7,"Kreis 7","Im Bau",9,62900,85464,17,4,13
2011,72,"Hottingen",7,"Kreis 7","Bewilligt",12,27900,25590,16,7,9
2011,72,"Hottingen",7,"Kreis 7","Fertigerstellt",5,10400,8107,7,1,6
2011,72,"Hottingen",7,"Kreis 7","Im Bau",6,0,15824,13,12,1
2011,73,"Hirslanden",7,"Kreis 7","Bewilligt",12,17200,24813,35,30,5
2011,73,"Hirslanden",7,"Kreis 7","Fertigerstellt",6,12380,14890,22,14,8
2011,73,"Hirslanden",7,"Kreis 7","Im Bau",2,0,2271,1,0,1
2011,74,"Witikon",7,"Kreis 7","Bewilligt",29,66842,70991,89,44,45
2011,74,"Witikon",7,"Kreis 7","Fertigerstellt",10,33020,34353,44,21,23
2011,74,"Witikon",7,"Kreis 7","Im Bau",9,24240,22575,28,8,20
2011,81,"Seefeld",8,"Kreis 8","Bewilligt",2,0,13178,8,6,2
2011,81,"Seefeld",8,"Kreis 8","Fertigerstellt",2,0,24030,40,33,7
2011,81,"Seefeld",8,"Kreis 8","Im Bau",4,26500,27395,50,48,2
2011,82,"Mühlebach",8,"Kreis 8","Bewilligt",6,0,27769,34,24,10
2011,82,"Mühlebach",8,"Kreis 8","Fertigerstellt",7,33600,29363,37,24,13
2011,82,"Mühlebach",8,"Kreis 8","Im Bau",11,71000,111188,70,22,48
2011,83,"Weinegg",8,"Kreis 8","Bewilligt",14,43800,63754,50,7,43
2011,83,"Weinegg",8,"Kreis 8","Fertigerstellt",0,6000,4865,0,0,0
2011,83,"Weinegg",8,"Kreis 8","Im Bau",4,7600,9195,10,6,4
2011,91,"Albisrieden",9,"Kreis 9","Bewilligt",10,18191,25533,38,12,26
2011,91,"Albisrieden",9,"Kreis 9","Fertigerstellt",19,86030,130845,178,72,106
2011,91,"Albisrieden",9,"Kreis 9","Im Bau",34,203553,340066,521,258,263
2011,92,"Altstetten",9,"Kreis 9","Bewilligt",29,284237,419040,427,326,101
2011,92,"Altstetten",9,"Kreis 9","Fertigerstellt",44,272485,322232,373,304,69
2011,92,"Altstetten",9,"Kreis 9","Im Bau",14,154600,173893,147,125,22
2011,101,"Höngg",10,"Kreis 10","Bewilligt",39,180500,254887,420,193,227
2011,101,"Höngg",10,"Kreis 10","Fertigerstellt",18,47451,57327,72,30,42
2011,101,"Höngg",10,"Kreis 10","Im Bau",9,140127,71581,23,17,6
2011,102,"Wipkingen",10,"Kreis 10","Bewilligt",17,135100,154407,173,117,56
2011,102,"Wipkingen",10,"Kreis 10","Fertigerstellt",6,9020,13120,20,12,8
2011,102,"Wipkingen",10,"Kreis 10","Im Bau",9,33376,33399,47,22,25
2011,111,"Affoltern",11,"Kreis 11","Bewilligt",6,40700,48114,50,10,40
2011,111,"Affoltern",11,"Kreis 11","Fertigerstellt",57,305690,424248,662,373,289
2011,111,"Affoltern",11,"Kreis 11","Im Bau",37,165595,238872,375,235,140
2011,115,"Oerlikon",11,"Kreis 11","Bewilligt",24,52925,61579,93,60,33
2011,115,"Oerlikon",11,"Kreis 11","Fertigerstellt",20,107480,181159,119,67,52
2011,115,"Oerlikon",11,"Kreis 11","Im Bau",16,76299,103436,141,91,50
2011,119,"Seebach",11,"Kreis 11","Bewilligt",30,132100,193159,362,274,88
2011,119,"Seebach",11,"Kreis 11","Fertigerstellt",17,85566,200550,193,156,37
2011,119,"Seebach",11,"Kreis 11","Im Bau",59,632756,817844,696,511,185
2011,121,"Saatlen",12,"Kreis 12","Bewilligt",26,158050,270355,393,163,230
2011,121,"Saatlen",12,"Kreis 12","Im Bau",10,97064,101078,69,31,38
2011,122,"Schwamendingen-Mitte",12,"Kreis 12","Bewilligt",16,19964,24380,59,54,5
2011,122,"Schwamendingen-Mitte",12,"Kreis 12","Im Bau",12,59000,96267,148,104,44
2011,123,"Hirzenbach",12,"Kreis 12","Bewilligt",44,183185,306610,474,360,114
2011,123,"Hirzenbach",12,"Kreis 12","Im Bau",7,78800,95120,103,77,26
2012,11,"Rathaus",1,"Kreis 1","Bewilligt",3,0,9104,2,0,2
2012,12,"Hochschulen",1,"Kreis 1","Fertigerstellt",0,30000,40400,0,0,0
2012,12,"Hochschulen",1,"Kreis 1","Im Bau",1,0,5173,0,0,0
2012,14,"City",1,"Kreis 1","Fertigerstellt",0,6700,3848,0,0,0
2012,14,"City",1,"Kreis 1","Im Bau",1,0,135000,0,0,0
2012,21,"Wollishofen",2,"Kreis 2","Bewilligt",44,90553,107770,173,101,72
2012,21,"Wollishofen",2,"Kreis 2","Fertigerstellt",8,33120,53596,38,19,19
2012,21,"Wollishofen",2,"Kreis 2","Im Bau",10,37430,41672,62,30,32
2012,23,"Leimbach",2,"Kreis 2","Bewilligt",11,14900,20096,33,16,17
2012,23,"Leimbach",2,"Kreis 2","Im Bau",15,110150,131824,231,182,49
2012,24,"Enge",2,"Kreis 2","Bewilligt",14,428680,301651,89,60,29
2012,24,"Enge",2,"Kreis 2","Fertigerstellt",8,25780,24326,40,22,18
2012,24,"Enge",2,"Kreis 2","Im Bau",11,30050,41850,72,60,12
2012,31,"Alt-Wiedikon",3,"Kreis 3","Bewilligt",11,114100,147695,49,21,28
2012,31,"Alt-Wiedikon",3,"Kreis 3","Fertigerstellt",5,285500,235150,29,20,9
2012,31,"Alt-Wiedikon",3,"Kreis 3","Im Bau",13,95200,128796,322,282,40
2012,33,"Friesenberg",3,"Kreis 3","Bewilligt",2,0,2623,1,0,1
2012,33,"Friesenberg",3,"Kreis 3","Fertigerstellt",53,62250,80320,117,49,68
2012,33,"Friesenberg",3,"Kreis 3","Im Bau",34,433794,269073,41,16,25
2012,34,"Sihlfeld",3,"Kreis 3","Bewilligt",4,0,17225,16,14,2
2012,34,"Sihlfeld",3,"Kreis 3","Fertigerstellt",13,51821,64279,142,54,88
2012,34,"Sihlfeld",3,"Kreis 3","Im Bau",19,101500,128152,156,98,58
2012,41,"Werd",4,"Kreis 4","Bewilligt",11,23000,22686,41,29,12
2012,41,"Werd",4,"Kreis 4","Im Bau",8,103300,150485,94,60,34
2012,42,"Langstrasse",4,"Kreis 4","Bewilligt",7,0,26843,35,26,9
2012,42,"Langstrasse",4,"Kreis 4","Fertigerstellt",6,0,472680,31,31,0
2012,42,"Langstrasse",4,"Kreis 4","Im Bau",21,449400,537395,262,187,75
2012,44,"Hard",4,"Kreis 4","Bewilligt",1,0,552282,0,0,0
2012,44,"Hard",4,"Kreis 4","Fertigerstellt",1,0,71000,119,115,4
2012,51,"Gewerbeschule",5,"Kreis 5","Bewilligt",1,0,18884,22,16,6
2012,52,"Escher Wyss",5,"Kreis 5","Bewilligt",24,0,167020,178,114,64
2012,52,"Escher Wyss",5,"Kreis 5","Fertigerstellt",12,134244,203290,303,194,109
2012,52,"Escher Wyss",5,"Kreis 5","Im Bau",37,938000,1232962,878,722,156
2012,61,"Unterstrass",6,"Kreis 6","Bewilligt",13,29350,27289,41,32,9
2012,61,"Unterstrass",6,"Kreis 6","Fertigerstellt",15,34860,56867,100,66,34
2012,61,"Unterstrass",6,"Kreis 6","Im Bau",17,47370,59944,91,74,17
2012,63,"Oberstrass",6,"Kreis 6","Bewilligt",4,11825,12895,11,8,3
2012,63,"Oberstrass",6,"Kreis 6","Fertigerstellt",7,26660,21727,25,15,10
2012,63,"Oberstrass",6,"Kreis 6","Im Bau",4,77600,80398,5,3,2
2012,71,"Fluntern",7,"Kreis 7","Bewilligt",8,25491,33461,38,15,23
2012,71,"Fluntern",7,"Kreis 7","Fertigerstellt",7,21900,18164,18,6,12
2012,71,"Fluntern",7,"Kreis 7","Im Bau",11,55990,82644,16,7,9
2012,72,"Hottingen",7,"Kreis 7","Bewilligt",18,40550,39145,34,17,17
2012,72,"Hottingen",7,"Kreis 7","Fertigerstellt",3,0,14034,13,12,1
2012,72,"Hottingen",7,"Kreis 7","Im Bau",3,0,1590,0,0,0
2012,73,"Hirslanden",7,"Kreis 7","Bewilligt",8,15500,15579,29,21,8
2012,73,"Hirslanden",7,"Kreis 7","Fertigerstellt",2,0,2271,1,0,1
2012,73,"Hirslanden",7,"Kreis 7","Im Bau",11,15000,22190,32,29,3
2012,74,"Witikon",7,"Kreis 7","Bewilligt",38,74750,88468,147,82,65
2012,74,"Witikon",7,"Kreis 7","Fertigerstellt",9,21040,20138,25,7,18
2012,74,"Witikon",7,"Kreis 7","Im Bau",10,0,36802,53,30,23
2012,81,"Seefeld",8,"Kreis 8","Bewilligt",3,0,55040,2,0,2
2012,81,"Seefeld",8,"Kreis 8","Im Bau",5,35500,35033,55,53,2
2012,82,"Mühlebach",8,"Kreis 8","Bewilligt",3,0,20190,6,4,2
2012,82,"Mühlebach",8,"Kreis 8","Fertigerstellt",11,71000,111188,67,18,49
2012,82,"Mühlebach",8,"Kreis 8","Im Bau",5,25900,24213,28,19,9
2012,83,"Weinegg",8,"Kreis 8","Bewilligt",19,121423,120464,55,24,31
2012,83,"Weinegg",8,"Kreis 8","Fertigerstellt",0,2100,3495,0,0,0
2012,83,"Weinegg",8,"Kreis 8","Im Bau",10,19300,19454,29,10,19
2012,91,"Albisrieden",9,"Kreis 9","Bewilligt",135,432840,639534,933,505,428
2012,91,"Albisrieden",9,"Kreis 9","Fertigerstellt",28,175933,310682,315,170,145
2012,91,"Albisrieden",9,"Kreis 9","Im Bau",10,34111,39889,62,36,26
2012,92,"Altstetten",9,"Kreis 9","Bewilligt",42,315575,462077,527,441,86
2012,92,"Altstetten",9,"Kreis 9","Fertigerstellt",25,56050,66113,52,33,19
2012,92,"Altstetten",9,"Kreis 9","Im Bau",31,207325,253024,226,130,96
2012,101,"Höngg",10,"Kreis 10","Bewilligt",75,297660,416451,567,263,304
2012,101,"Höngg",10,"Kreis 10","Fertigerstellt",6,117127,20471,18,15,3
2012,101,"Höngg",10,"Kreis 10","Im Bau",19,52300,82540,62,44,18
2012,102,"Wipkingen",10,"Kreis 10","Bewilligt",17,135100,154407,173,117,56
2012,102,"Wipkingen",10,"Kreis 10","Fertigerstellt",4,13000,14365,19,11,8
2012,102,"Wipkingen",10,"Kreis 10","Im Bau",5,20376,19034,28,11,17
2012,111,"Affoltern",11,"Kreis 11","Bewilligt",23,36180,59711,91,40,51
2012,111,"Affoltern",11,"Kreis 11","Fertigerstellt",21,95400,142098,208,118,90
2012,111,"Affoltern",11,"Kreis 11","Im Bau",20,114695,146601,214,127,87
2012,115,"Oerlikon",11,"Kreis 11","Bewilligt",20,45500,58646,77,46,31
2012,115,"Oerlikon",11,"Kreis 11","Fertigerstellt",11,61999,84117,88,66,22
2012,115,"Oerlikon",11,"Kreis 11","Im Bau",29,100600,143271,168,113,55
2012,119,"Seebach",11,"Kreis 11","Bewilligt",35,195812,242212,395,289,106
2012,119,"Seebach",11,"Kreis 11","Fertigerstellt",28,234440,323356,396,329,67
2012,119,"Seebach",11,"Kreis 11","Im Bau",61,534816,691267,646,495,151
2012,121,"Saatlen",12,"Kreis 12","Bewilligt",28,168050,311433,435,185,250
2012,121,"Saatlen",12,"Kreis 12","Im Bau",8,87064,101078,35,16,19
2012,122,"Schwamendingen-Mitte",12,"Kreis 12","Bewilligt",8,11130,13841,15,5,10
2012,122,"Schwamendingen-Mitte",12,"Kreis 12","Fertigerstellt",11,0,39580,58,55,3
2012,122,"Schwamendingen-Mitte",12,"Kreis 12","Im Bau",16,57900,84057,152,130,22
2012,123,"Hirzenbach",12,"Kreis 12","Bewilligt",243,228040,381810,654,480,174
2012,123,"Hirzenbach",12,"Kreis 12","Fertigerstellt",1,0,14020,33,33,0
2012,123,"Hirzenbach",12,"Kreis 12","Im Bau",23,150965,238100,252,182,70
2013,11,"Rathaus",1,"Kreis 1","Bewilligt",3,0,9104,2,0,2
2013,12,"Hochschulen",1,"Kreis 1","Bewilligt",6,0,119733,0,0,0
2013,12,"Hochschulen",1,"Kreis 1","Fertigerstellt",0,10000,5173,0,0,0
2013,14,"City",1,"Kreis 1","Im Bau",3,0,139307,1,0,1
2013,21,"Wollishofen",2,"Kreis 2","Bewilligt",26,26295,40164,64,39,25
2013,21,"Wollishofen",2,"Kreis 2","Fertigerstellt",5,10485,10440,13,5,8
2013,21,"Wollishofen",2,"Kreis 2","Im Bau",78,143673,182121,290,149,141
2013,23,"Leimbach",2,"Kreis 2","Bewilligt",8,15800,21070,37,15,22
2013,23,"Leimbach",2,"Kreis 2","Fertigerstellt",14,78150,140086,165,114,51
2013,23,"Leimbach",2,"Kreis 2","Im Bau",4,36000,62250,76,75,1
2013,24,"Enge",2,"Kreis 2","Bewilligt",11,145180,127365,105,67,38
2013,24,"Enge",2,"Kreis 2","Fertigerstellt",0,2250,2800,0,0,0
2013,24,"Enge",2,"Kreis 2","Im Bau",31,381500,269837,136,99,37
2013,31,"Alt-Wiedikon",3,"Kreis 3","Bewilligt",2,0,4201,10,9,1
2013,31,"Alt-Wiedikon",3,"Kreis 3","Fertigerstellt",14,116000,130196,346,299,47
2013,31,"Alt-Wiedikon",3,"Kreis 3","Im Bau",8,93000,129845,27,15,12
2013,33,"Friesenberg",3,"Kreis 3","Bewilligt",31,73000,73550,168,91,77
2013,33,"Friesenberg",3,"Kreis 3","Fertigerstellt",29,20994,22433,26,1,25
2013,33,"Friesenberg",3,"Kreis 3","Im Bau",7,419300,237513,12,12,0
2013,34,"Sihlfeld",3,"Kreis 3","Bewilligt",15,0,64710,151,123,28
2013,34,"Sihlfeld",3,"Kreis 3","Fertigerstellt",10,74500,88152,94,85,9
2013,34,"Sihlfeld",3,"Kreis 3","Im Bau",16,52235,58249,95,44,51
2013,41,"Werd",4,"Kreis 4","Bewilligt",11,0,22686,41,29,12
2013,41,"Werd",4,"Kreis 4","Fertigerstellt",3,0,48395,6,6,0
2013,41,"Werd",4,"Kreis 4","Im Bau",5,52800,104090,88,54,34
2013,42,"Langstrasse",4,"Kreis 4","Bewilligt",23,124500,216778,130,100,30
2013,42,"Langstrasse",4,"Kreis 4","Fertigerstellt",7,0,357929,93,70,23
2013,42,"Langstrasse",4,"Kreis 4","Im Bau",16,173600,186210,180,126,54
2013,44,"Hard",4,"Kreis 4","Bewilligt",1,0,552282,0,0,0
2013,51,"Gewerbeschule",5,"Kreis 5","Im Bau",2,0,18992,22,16,6
2013,52,"Escher Wyss",5,"Kreis 5","Bewilligt",25,173100,298006,323,235,88
2013,52,"Escher Wyss",5,"Kreis 5","Fertigerstellt",26,523000,734835,518,446,72
2013,52,"Escher Wyss",5,"Kreis 5","Im Bau",26,0,605790,458,354,104
2013,61,"Unterstrass",6,"Kreis 6","Bewilligt",22,74475,76353,151,98,53
2013,61,"Unterstrass",6,"Kreis 6","Fertigerstellt",10,0,61944,87,70,17
2013,61,"Unterstrass",6,"Kreis 6","Im Bau",21,136500,176961,201,93,108
2013,63,"Oberstrass",6,"Kreis 6","Bewilligt",7,18025,18685,23,15,8
2013,63,"Oberstrass",6,"Kreis 6","Fertigerstellt",1,0,3360,3,2,1
2013,63,"Oberstrass",6,"Kreis 6","Im Bau",4,81600,86250,13,8,5
2013,71,"Fluntern",7,"Kreis 7","Bewilligt",53,182591,176709,207,109,98
2013,71,"Fluntern",7,"Kreis 7","Fertigerstellt",3,0,7883,8,1,7
2013,71,"Fluntern",7,"Kreis 7","Im Bau",13,60525,94836,30,15,15
2013,72,"Hottingen",7,"Kreis 7","Bewilligt",6,19000,16843,9,5,4
2013,72,"Hottingen",7,"Kreis 7","Fertigerstellt",0,4000,1590,0,0,0
2013,72,"Hottingen",7,"Kreis 7","Im Bau",15,21243,28045,32,16,16
2013,73,"Hirslanden",7,"Kreis 7","Bewilligt",8,15500,15579,29,21,8
2013,73,"Hirslanden",7,"Kreis 7","Fertigerstellt",3,0,8440,11,7,4
2013,73,"Hirslanden",7,"Kreis 7","Im Bau",7,9700,13750,21,21,0
2013,74,"Witikon",7,"Kreis 7","Bewilligt",28,53850,67950,100,47,53
2013,74,"Witikon",7,"Kreis 7","Fertigerstellt",2,0,8227,9,7,2
2013,74,"Witikon",7,"Kreis 7","Im Bau",34,96472,80348,124,56,68
2013,81,"Seefeld",8,"Kreis 8","Bewilligt",19,62500,99171,85,83,2
2013,81,"Seefeld",8,"Kreis 8","Fertigerstellt",3,0,16296,29,28,1
2013,81,"Seefeld",8,"Kreis 8","Im Bau",2,0,18737,26,25,1
2013,82,"Mühlebach",8,"Kreis 8","Bewilligt",4,6750,7206,10,5,5
2013,82,"Mühlebach",8,"Kreis 8","Fertigerstellt",3,0,22533,24,17,7
2013,82,"Mühlebach",8,"Kreis 8","Im Bau",4,0,18314,4,3,1
2013,83,"Weinegg",8,"Kreis 8","Bewilligt",29,63780,85540,99,59,40
2013,83,"Weinegg",8,"Kreis 8","Fertigerstellt",4,10020,10205,11,7,4
2013,83,"Weinegg",8,"Kreis 8","Im Bau",9,89300,65090,18,3,15
2013,91,"Albisrieden",9,"Kreis 9","Bewilligt",125,268529,392793,646,375,271
2013,91,"Albisrieden",9,"Kreis 9","Fertigerstellt",9,30961,32239,52,33,19
2013,91,"Albisrieden",9,"Kreis 9","Im Bau",79,482050,440722,629,359,270
2013,92,"Altstetten",9,"Kreis 9","Bewilligt",71,250343,363818,299,196,103
2013,92,"Altstetten",9,"Kreis 9","Fertigerstellt",18,132925,144312,112,98,14
2013,92,"Altstetten",9,"Kreis 9","Im Bau",50,431606,640235,716,498,218
2013,101,"Höngg",10,"Kreis 10","Bewilligt",82,354295,519054,725,307,418
2013,101,"Höngg",10,"Kreis 10","Fertigerstellt",12,44900,74972,43,28,15
2013,101,"Höngg",10,"Kreis 10","Im Bau",63,209395,241868,327,183,144
2013,102,"Wipkingen",10,"Kreis 10","Bewilligt",22,95500,128088,219,154,65
2013,102,"Wipkingen",10,"Kreis 10","Fertigerstellt",6,23976,20875,29,12,17
2013,111,"Affoltern",11,"Kreis 11","Bewilligt",34,65995,92914,137,62,75
2013,111,"Affoltern",11,"Kreis 11","Fertigerstellt",9,31675,43527,68,51,17
2013,111,"Affoltern",11,"Kreis 11","Im Bau",17,165000,171503,155,79,76
2013,115,"Oerlikon",11,"Kreis 11","Bewilligt",16,27000,37906,63,57,6
2013,115,"Oerlikon",11,"Kreis 11","Fertigerstellt",14,51600,89062,98,63,35
2013,115,"Oerlikon",11,"Kreis 11","Im Bau",35,102100,111962,141,91,50
2013,119,"Seebach",11,"Kreis 11","Bewilligt",34,118000,280994,236,181,55
2013,119,"Seebach",11,"Kreis 11","Fertigerstellt",40,268816,356961,489,370,119
2013,119,"Seebach",11,"Kreis 11","Im Bau",55,382812,546403,430,301,129
2013,121,"Saatlen",12,"Kreis 12","Bewilligt",14,12550,24095,68,65,3
2013,121,"Saatlen",12,"Kreis 12","Fertigerstellt",7,20064,41078,35,16,19
2013,121,"Saatlen",12,"Kreis 12","Im Bau",25,270500,369558,426,179,247
2013,122,"Schwamendingen-Mitte",12,"Kreis 12","Bewilligt",5,8500,11200,25,21,4
2013,122,"Schwamendingen-Mitte",12,"Kreis 12","Fertigerstellt",12,52100,73148,125,108,17
2013,122,"Schwamendingen-Mitte",12,"Kreis 12","Im Bau",9,17100,24750,42,27,15
2013,123,"Hirzenbach",12,"Kreis 12","Bewilligt",217,113721,235027,819,554,265
2013,123,"Hirzenbach",12,"Kreis 12","Fertigerstellt",4,31840,24200,8,2,6
2013,123,"Hirzenbach",12,"Kreis 12","Im Bau",48,195165,514020,657,489,168
2014,11,"Rathaus",1,"Kreis 1","Bewilligt",3,0,9104,2,0,2
2014,12,"Hochschulen",1,"Kreis 1","Bewilligt",6,0,119733,0,0,0
2014,14,"City",1,"Kreis 1","Fertigerstellt",0,6000,4307,0,0,0
2014,14,"City",1,"Kreis 1","Im Bau",1,0,135000,0,0,0
2014,21,"Wollishofen",2,"Kreis 2","Bewilligt",47,195686,329488,555,363,192
2014,21,"Wollishofen",2,"Kreis 2","Fertigerstellt",10,42860,77792,75,41,34
2014,21,"Wollishofen",2,"Kreis 2","Im Bau",67,100695,140197,214,114,100
2014,23,"Leimbach",2,"Kreis 2","Bewilligt",5,10195,14063,26,11,15
2014,23,"Leimbach",2,"Kreis 2","Im Bau",8,46000,70250,86,82,4
2014,24,"Enge",2,"Kreis 2","Bewilligt",6,115180,72405,13,9,4
2014,24,"Enge",2,"Kreis 2","Fertigerstellt",12,66500,69669,69,57,12
2014,24,"Enge",2,"Kreis 2","Im Bau",20,350000,258568,163,104,59
2014,31,"Alt-Wiedikon",3,"Kreis 3","Bewilligt",24,51500,57697,96,54,42
2014,31,"Alt-Wiedikon",3,"Kreis 3","Im Bau",11,97880,136046,36,23,13
2014,33,"Friesenberg",3,"Kreis 3","Bewilligt",39,157805,67804,100,82,18
2014,33,"Friesenberg",3,"Kreis 3","Fertigerstellt",5,14300,11000,12,12,0
2014,33,"Friesenberg",3,"Kreis 3","Im Bau",36,480250,302048,172,93,79
2014,34,"Sihlfeld",3,"Kreis 3","Bewilligt",13,35000,61000,137,113,24
2014,34,"Sihlfeld",3,"Kreis 3","Fertigerstellt",10,34000,44800,70,18,52
2014,34,"Sihlfeld",3,"Kreis 3","Im Bau",7,22235,17159,38,35,3
2014,41,"Werd",4,"Kreis 4","Bewilligt",5,5170,7200,8,3,5
2014,41,"Werd",4,"Kreis 4","Fertigerstellt",1,0,102090,55,20,35
2014,41,"Werd",4,"Kreis 4","Im Bau",11,0,22686,41,29,12
2014,42,"Langstrasse",4,"Kreis 4","Bewilligt",9,233067,294735,177,129,48
2014,42,"Langstrasse",4,"Kreis 4","Fertigerstellt",5,0,30760,65,37,28
2014,42,"Langstrasse",4,"Kreis 4","Im Bau",24,366000,367875,247,193,54
2014,44,"Hard",4,"Kreis 4","Im Bau",3,0,557977,10,7,3
2014,51,"Gewerbeschule",5,"Kreis 5","Fertigerstellt",4,15700,18992,22,16,6
2014,52,"Escher Wyss",5,"Kreis 5","Bewilligt",7,110500,188700,108,69,39
2014,52,"Escher Wyss",5,"Kreis 5","Fertigerstellt",4,329000,410207,186,161,25
2014,52,"Escher Wyss",5,"Kreis 5","Im Bau",41,238100,343589,488,364,124
2014,61,"Unterstrass",6,"Kreis 6","Bewilligt",4,17334,15181,21,20,1
2014,61,"Unterstrass",6,"Kreis 6","Fertigerstellt",3,0,10836,4,4,0
2014,61,"Unterstrass",6,"Kreis 6","Im Bau",38,192425,235338,335,175,160
2014,63,"Oberstrass",6,"Kreis 6","Bewilligt",8,15425,20957,24,15,9
2014,63,"Oberstrass",6,"Kreis 6","Fertigerstellt",2,0,80950,6,4,2
2014,63,"Oberstrass",6,"Kreis 6","Im Bau",7,17080,11380,13,6,7
2014,71,"Fluntern",7,"Kreis 7","Bewilligt",28,161464,114786,66,48,18
2014,71,"Fluntern",7,"Kreis 7","Fertigerstellt",8,52900,90361,18,7,11
2014,71,"Fluntern",7,"Kreis 7","Im Bau",47,90575,131379,198,98,100
2014,72,"Hottingen",7,"Kreis 7","Bewilligt",2,0,4640,8,7,1
2014,72,"Hottingen",7,"Kreis 7","Fertigerstellt",7,21963,29045,31,15,16
2014,72,"Hottingen",7,"Kreis 7","Im Bau",7,0,17143,8,4,4
2014,73,"Hirslanden",7,"Kreis 7","Bewilligt",9,0,21456,36,26,10
2014,73,"Hirslanden",7,"Kreis 7","Fertigerstellt",5,10500,14250,21,21,0
2014,73,"Hirslanden",7,"Kreis 7","Im Bau",1,0,2623,4,2,2
2014,74,"Witikon",7,"Kreis 7","Bewilligt",42,87450,110245,204,133,71
2014,74,"Witikon",7,"Kreis 7","Fertigerstellt",18,55622,49148,84,37,47
2014,74,"Witikon",7,"Kreis 7","Im Bau",17,52000,42119,57,27,30
2014,81,"Seefeld",8,"Kreis 8","Bewilligt",30,82470,122351,118,108,10
2014,81,"Seefeld",8,"Kreis 8","Fertigerstellt",2,0,18737,22,21,1
2014,82,"Mühlebach",8,"Kreis 8","Bewilligt",10,23450,24546,39,26,13
2014,82,"Mühlebach",8,"Kreis 8","Fertigerstellt",1,0,1680,5,4,1
2014,82,"Mühlebach",8,"Kreis 8","Im Bau",3,0,20190,6,4,2
2014,83,"Weinegg",8,"Kreis 8","Bewilligt",12,17550,19869,34,21,13
2014,83,"Weinegg",8,"Kreis 8","Fertigerstellt",8,30000,24461,21,6,15
2014,83,"Weinegg",8,"Kreis 8","Im Bau",18,0,111300,70,43,27
2014,91,"Albisrieden",9,"Kreis 9","Bewilligt",77,160539,189974,344,230,114
2014,91,"Albisrieden",9,"Kreis 9","Fertigerstellt",8,21129,22092,27,10,17
2014,91,"Albisrieden",9,"Kreis 9","Im Bau",151,456893,708146,1100,710,390
2014,92,"Altstetten",9,"Kreis 9","Bewilligt",36,236178,404928,711,657,54
2014,92,"Altstetten",9,"Kreis 9","Fertigerstellt",18,130231,241789,84,50,34
2014,92,"Altstetten",9,"Kreis 9","Im Bau",81,561232,767757,914,687,227
2014,101,"Höngg",10,"Kreis 10","Bewilligt",49,146284,209602,338,140,198
2014,101,"Höngg",10,"Kreis 10","Fertigerstellt",10,31230,33822,46,19,27
2014,101,"Höngg",10,"Kreis 10","Im Bau",79,347808,421500,641,416,225
2014,102,"Wipkingen",10,"Kreis 10","Bewilligt",11,72600,77050,42,40,2
2014,102,"Wipkingen",10,"Kreis 10","Im Bau",43,167235,205632,229,147,82
2014,111,"Affoltern",11,"Kreis 11","Bewilligt",39,83010,99544,149,89,60
2014,111,"Affoltern",11,"Kreis 11","Fertigerstellt",14,87965,107989,150,75,75
2014,111,"Affoltern",11,"Kreis 11","Im Bau",15,95300,87837,40,19,21
2014,115,"Oerlikon",11,"Kreis 11","Bewilligt",31,139860,198110,125,97,28
2014,115,"Oerlikon",11,"Kreis 11","Fertigerstellt",7,33700,48896,93,70,23
2014,115,"Oerlikon",11,"Kreis 11","Im Bau",39,101600,113362,132,97,35
2014,119,"Seebach",11,"Kreis 11","Bewilligt",36,50220,69613,133,81,52
2014,119,"Seebach",11,"Kreis 11","Fertigerstellt",17,277512,337925,230,174,56
2014,119,"Seebach",11,"Kreis 11","Im Bau",57,213800,472247,393,271,122
2014,121,"Saatlen",12,"Kreis 12","Bewilligt",93,135985,186490,297,200,97
2014,121,"Saatlen",12,"Kreis 12","Fertigerstellt",12,174000,372199,121,48,73
2014,121,"Saatlen",12,"Kreis 12","Im Bau",13,100000,512960,748,304,444
2014,122,"Schwamendingen-Mitte",12,"Kreis 12","Fertigerstellt",6,25600,28560,57,41,16
2014,122,"Schwamendingen-Mitte",12,"Kreis 12","Im Bau",25,61907,59800,113,84,29
2014,123,"Hirzenbach",12,"Kreis 12","Bewilligt",44,54050,237500,185,145,40
2014,123,"Hirzenbach",12,"Kreis 12","Fertigerstellt",30,150165,364510,364,265,99
2014,123,"Hirzenbach",12,"Kreis 12","Im Bau",196,108721,384537,497,349,148
2015,11,"Rathaus",1,"Kreis 1","Bewilligt",3,0,9104,2,0,2
2015,12,"Hochschulen",1,"Kreis 1","Bewilligt",6,0,119733,0,0,0
2015,14,"City",1,"Kreis 1","Im Bau",1,0,135000,0,0,0
2015,21,"Wollishofen",2,"Kreis 2","Bewilligt",114,336900,702820,699,440,259
2015,21,"Wollishofen",2,"Kreis 2","Fertigerstellt",22,87595,187911,183,96,87
2015,21,"Wollishofen",2,"Kreis 2","Im Bau",44,170983,225599,392,220,172
2015,23,"Leimbach",2,"Kreis 2","Bewilligt",4,14600,13070,25,11,14
2015,23,"Leimbach",2,"Kreis 2","Fertigerstellt",5,46895,71243,87,82,5
2015,23,"Leimbach",2,"Kreis 2","Im Bau",1,0,1196,1,0,1
2015,24,"Enge",2,"Kreis 2","Bewilligt",15,130880,90305,27,24,3
2015,24,"Enge",2,"Kreis 2","Fertigerstellt",15,80000,96125,146,89,57
2015,24,"Enge",2,"Kreis 2","Im Bau",4,0,162443,16,7,9
2015,31,"Alt-Wiedikon",3,"Kreis 3","Bewilligt",21,50550,52599,72,35,37
2015,31,"Alt-Wiedikon",3,"Kreis 3","Fertigerstellt",9,97880,136046,36,23,13
2015,31,"Alt-Wiedikon",3,"Kreis 3","Im Bau",6,14100,14636,34,26,8
2015,33,"Friesenberg",3,"Kreis 3","Bewilligt",6,40600,50000,60,51,9
2015,33,"Friesenberg",3,"Kreis 3","Fertigerstellt",3,0,18469,5,2,3
2015,33,"Friesenberg",3,"Kreis 3","Im Bau",62,477985,390934,207,121,86
2015,34,"Sihlfeld",3,"Kreis 3","Bewilligt",37,130300,131485,273,195,78
2015,34,"Sihlfeld",3,"Kreis 3","Fertigerstellt",4,0,17159,38,35,3
2015,41,"Werd",4,"Kreis 4","Bewilligt",2,0,4150,7,3,4
2015,41,"Werd",4,"Kreis 4","Im Bau",12,0,25736,42,29,13
2015,42,"Langstrasse",4,"Kreis 4","Bewilligt",6,0,275508,164,119,45
2015,42,"Langstrasse",4,"Kreis 4","Fertigerstellt",9,168000,179123,165,143,22
2015,42,"Langstrasse",4,"Kreis 4","Im Bau",17,302600,310191,104,80,24
2015,44,"Hard",4,"Kreis 4","Bewilligt",14,42500,52800,107,94,13
2015,44,"Hard",4,"Kreis 4","Im Bau",3,0,557977,10,7,3
2015,51,"Gewerbeschule",5,"Kreis 5","Bewilligt",3,0,9518,22,22,0
2015,52,"Escher Wyss",5,"Kreis 5","Bewilligt",1,0,38700,0,0,0
2015,52,"Escher Wyss",5,"Kreis 5","Fertigerstellt",29,215100,318482,466,339,127
2015,52,"Escher Wyss",5,"Kreis 5","Im Bau",11,145000,280065,131,91,40
2015,61,"Unterstrass",6,"Kreis 6","Bewilligt",80,148650,200141,359,233,126
2015,61,"Unterstrass",6,"Kreis 6","Fertigerstellt",21,145509,185579,236,120,116
2015,61,"Unterstrass",6,"Kreis 6","Im Bau",37,97500,110030,209,117,92
2015,63,"Oberstrass",6,"Kreis 6","Bewilligt",9,213750,167942,28,14,14
2015,63,"Oberstrass",6,"Kreis 6","Fertigerstellt",8,24630,21429,25,15,10
2015,63,"Oberstrass",6,"Kreis 6","Im Bau",4,7920,6180,6,4,2
2015,71,"Fluntern",7,"Kreis 7","Bewilligt",21,38730,47564,59,37,22
2015,71,"Fluntern",7,"Kreis 7","Fertigerstellt",22,39775,60444,68,40,28
2015,71,"Fluntern",7,"Kreis 7","Im Bau",26,150396,162557,160,93,67
2015,72,"Hottingen",7,"Kreis 7","Bewilligt",3,0,5421,4,4,0
2015,72,"Hottingen",7,"Kreis 7","Fertigerstellt",4,0,17143,8,3,5
2015,72,"Hottingen",7,"Kreis 7","Im Bau",2,0,4640,8,7,1
2015,73,"Hirslanden",7,"Kreis 7","Bewilligt",3,0,9000,11,7,4
2015,73,"Hirslanden",7,"Kreis 7","Fertigerstellt",1,0,2623,4,2,2
2015,73,"Hirslanden",7,"Kreis 7","Im Bau",6,0,12456,25,19,6
2015,74,"Witikon",7,"Kreis 7","Bewilligt",40,132100,104718,184,111,73
2015,74,"Witikon",7,"Kreis 7","Fertigerstellt",9,44000,33700,44,21,23
2015,74,"Witikon",7,"Kreis 7","Im Bau",13,25300,23901,36,24,12
2015,81,"Seefeld",8,"Kreis 8","Bewilligt",3,0,51066,0,0,0
2015,81,"Seefeld",8,"Kreis 8","Im Bau",26,61200,66922,116,110,6
2015,82,"Mühlebach",8,"Kreis 8","Bewilligt",16,56110,80911,73,61,12
2015,82,"Mühlebach",8,"Kreis 8","Fertigerstellt",0,14000,16634,0,0,0
2015,82,"Mühlebach",8,"Kreis 8","Im Bau",5,9950,9847,10,5,5
2015,83,"Weinegg",8,"Kreis 8","Bewilligt",11,0,16867,25,7,18
2015,83,"Weinegg",8,"Kreis 8","Fertigerstellt",6,77500,61300,39,35,4
2015,83,"Weinegg",8,"Kreis 8","Im Bau",14,49930,65748,55,25,30
2015,91,"Albisrieden",9,"Kreis 9","Bewilligt",46,77430,101413,188,141,47
2015,91,"Albisrieden",9,"Kreis 9","Fertigerstellt",17,63053,74753,120,80,40
2015,91,"Albisrieden",9,"Kreis 9","Im Bau",171,505929,766194,1227,790,437
2015,92,"Altstetten",9,"Kreis 9","Bewilligt",31,157478,57535,114,83,31
2015,92,"Altstetten",9,"Kreis 9","Fertigerstellt",21,157232,230523,266,131,135
2015,92,"Altstetten",9,"Kreis 9","Im Bau",91,695276,961566,1340,1195,145
2015,101,"Höngg",10,"Kreis 10","Bewilligt",44,147684,207096,335,149,186
2015,101,"Höngg",10,"Kreis 10","Fertigerstellt",18,146085,161066,221,122,99
2015,101,"Höngg",10,"Kreis 10","Im Bau",48,237713,292078,559,369,190
2015,102,"Wipkingen",10,"Kreis 10","Bewilligt",5,53200,44191,12,12,0
2015,102,"Wipkingen",10,"Kreis 10","Fertigerstellt",15,97235,151188,180,135,45
2015,102,"Wipkingen",10,"Kreis 10","Im Bau",40,111775,163745,237,157,80
2015,111,"Affoltern",11,"Kreis 11","Bewilligt",86,148070,174730,294,155,139
2015,111,"Affoltern",11,"Kreis 11","Fertigerstellt",2,0,4819,12,11,1
2015,111,"Affoltern",11,"Kreis 11","Im Bau",28,121500,115856,85,48,37
2015,115,"Oerlikon",11,"Kreis 11","Bewilligt",41,136863,186630,124,117,7
2015,115,"Oerlikon",11,"Kreis 11","Fertigerstellt",19,0,94406,113,77,36
2015,115,"Oerlikon",11,"Kreis 11","Im Bau",46,102550,107081,146,109,37
2015,119,"Seebach",11,"Kreis 11","Bewilligt",36,322160,462571,361,271,90
2015,119,"Seebach",11,"Kreis 11","Fertigerstellt",28,135300,297405,223,125,98
2015,119,"Seebach",11,"Kreis 11","Im Bau",41,198180,326825,272,192,80
2015,121,"Saatlen",12,"Kreis 12","Bewilligt",121,146090,178420,325,188,137
2015,121,"Saatlen",12,"Kreis 12","Fertigerstellt",13,0,512960,301,131,170
2015,121,"Saatlen",12,"Kreis 12","Im Bau",18,35894,58170,64,64,0
2015,122,"Schwamendingen-Mitte",12,"Kreis 12","Bewilligt",33,51110,58221,113,83,30
2015,122,"Schwamendingen-Mitte",12,"Kreis 12","Fertigerstellt",1,0,8000,19,15,4
2015,122,"Schwamendingen-Mitte",12,"Kreis 12","Im Bau",23,55807,51800,94,69,25
2015,123,"Hirzenbach",12,"Kreis 12","Bewilligt",17,69090,80384,186,174,12
2015,123,"Hirzenbach",12,"Kreis 12","Fertigerstellt",38,63721,235027,205,126,79
2015,123,"Hirzenbach",12,"Kreis 12","Im Bau",68,116550,412390,400,306,94
2016,12,"Hochschulen",1,"Kreis 1","Im Bau",6,180000,119733,0,0,0
2016,14,"City",1,"Kreis 1","Fertigerstellt",0,110000,135000,0,0,0
2016,21,"Wollishofen",2,"Kreis 2","Bewilligt",58,495282,678177,407,301,106
2016,21,"Wollishofen",2,"Kreis 2","Fertigerstellt",9,40013,57820,89,48,41
2016,21,"Wollishofen",2,"Kreis 2","Im Bau",118,370170,500654,866,531,335
2016,23,"Leimbach",2,"Kreis 2","Bewilligt",5,6900,20565,33,25,8
2016,23,"Leimbach",2,"Kreis 2","Fertigerstellt",1,0,1196,1,0,1
2016,23,"Leimbach",2,"Kreis 2","Im Bau",1,0,6262,14,8,6
2016,24,"Enge",2,"Kreis 2","Bewilligt",8,20180,18717,12,10,2
2016,24,"Enge",2,"Kreis 2","Fertigerstellt",2,0,9914,17,7,10
2016,24,"Enge",2,"Kreis 2","Im Bau",10,0,415444,2,2,0
2016,31,"Alt-Wiedikon",3,"Kreis 3","Bewilligt",4,36500,62450,312,288,24
2016,31,"Alt-Wiedikon",3,"Kreis 3","Fertigerstellt",0,4200,6802,0,0,0
2016,31,"Alt-Wiedikon",3,"Kreis 3","Im Bau",27,67330,67235,106,61,45
2016,33,"Friesenberg",3,"Kreis 3","Bewilligt",6,40600,50000,60,51,9
2016,33,"Friesenberg",3,"Kreis 3","Fertigerstellt",12,365070,287554,169,91,78
2016,33,"Friesenberg",3,"Kreis 3","Im Bau",32,115985,106021,40,30,10
2016,34,"Sihlfeld",3,"Kreis 3","Bewilligt",48,103300,118304,250,178,72
2016,34,"Sihlfeld",3,"Kreis 3","Im Bau",20,55100,74150,152,128,24
2016,41,"Werd",4,"Kreis 4","Bewilligt",18,40200,51524,86,65,21
2016,41,"Werd",4,"Kreis 4","Fertigerstellt",6,25600,25736,41,28,13
2016,41,"Werd",4,"Kreis 4","Im Bau",2,0,4150,7,3,4
2016,42,"Langstrasse",4,"Kreis 4","Bewilligt",10,123000,124038,139,124,15
2016,42,"Langstrasse",4,"Kreis 4","Fertigerstellt",1,0,11477,11,11,0
2016,42,"Langstrasse",4,"Kreis 4","Im Bau",21,525600,574222,257,189,68
2016,44,"Hard",4,"Kreis 4","Bewilligt",5,7200,5800,34,34,0
2016,44,"Hard",4,"Kreis 4","Fertigerstellt",1,0,5695,10,7,3
2016,44,"Hard",4,"Kreis 4","Im Bau",13,0,599782,73,60,13
2016,51,"Gewerbeschule",5,"Kreis 5","Bewilligt",8,14760,21113,39,39,0
2016,52,"Escher Wyss",5,"Kreis 5","Bewilligt",17,52970,51979,0,0,0
2016,52,"Escher Wyss",5,"Kreis 5","Fertigerstellt",1,0,19524,23,19,4
2016,52,"Escher Wyss",5,"Kreis 5","Im Bau",11,152000,299241,108,72,36
2016,61,"Unterstrass",6,"Kreis 6","Bewilligt",98,249800,322823,646,406,240
2016,61,"Unterstrass",6,"Kreis 6","Fertigerstellt",10,0,55041,99,54,45
2016,61,"Unterstrass",6,"Kreis 6","Im Bau",52,88500,109470,186,108,78
2016,63,"Oberstrass",6,"Kreis 6","Bewilligt",5,22700,20224,11,10,1
2016,63,"Oberstrass",6,"Kreis 6","Fertigerstellt",2,0,2900,5,4,1
2016,63,"Oberstrass",6,"Kreis 6","Im Bau",11,230700,176228,48,26,22
2016,71,"Fluntern",7,"Kreis 7","Bewilligt",27,226800,148472,30,15,15
2016,71,"Fluntern",7,"Kreis 7","Fertigerstellt",4,0,30930,31,19,12
2016,71,"Fluntern",7,"Kreis 7","Im Bau",29,144462,162751,171,100,71
2016,72,"Hottingen",7,"Kreis 7","Bewilligt",15,113550,94326,29,18,11
2016,72,"Hottingen",7,"Kreis 7","Fertigerstellt",2,0,8621,8,7,1
2016,72,"Hottingen",7,"Kreis 7","Im Bau",2,0,1440,4,4,0
2016,73,"Hirslanden",7,"Kreis 7","Bewilligt",5,13100,12123,16,10,6
2016,73,"Hirslanden",7,"Kreis 7","Im Bau",9,0,22456,44,28,16
2016,74,"Witikon",7,"Kreis 7","Bewilligt",30,52500,59930,121,71,50
2016,74,"Witikon",7,"Kreis 7","Fertigerstellt",8,19215,22029,27,22,5
2016,74,"Witikon",7,"Kreis 7","Im Bau",19,55900,59295,95,58,37
2016,81,"Seefeld",8,"Kreis 8","Bewilligt",21,107300,147790,118,31,87
2016,81,"Seefeld",8,"Kreis 8","Im Bau",26,61200,66922,116,110,6
2016,82,"Mühlebach",8,"Kreis 8","Bewilligt",6,30000,48526,0,0,0
2016,82,"Mühlebach",8,"Kreis 8","Fertigerstellt",3,0,9847,10,4,6
2016,82,"Mühlebach",8,"Kreis 8","Im Bau",11,33250,32385,73,61,12
2016,83,"Weinegg",8,"Kreis 8","Bewilligt",34,89650,86151,111,79,32
2016,83,"Weinegg",8,"Kreis 8","Fertigerstellt",11,0,65748,57,26,31
2016,83,"Weinegg",8,"Kreis 8","Im Bau",5,7300,6607,10,3,7
2016,91,"Albisrieden",9,"Kreis 9","Bewilligt",23,37540,44034,80,50,30
2016,91,"Albisrieden",9,"Kreis 9","Fertigerstellt",64,422779,704550,1072,697,375
2016,91,"Albisrieden",9,"Kreis 9","Im Bau",79,155130,166637,315,212,103
2016,92,"Altstetten",9,"Kreis 9","Bewilligt",57,112612,181701,206,136,70
2016,92,"Altstetten",9,"Kreis 9","Fertigerstellt",9,209868,248933,263,259,4
2016,92,"Altstetten",9,"Kreis 9","Im Bau",110,658157,781737,1207,1025,182
2016,101,"Höngg",10,"Kreis 10","Bewilligt",21,23839,22310,29,13,16
2016,101,"Höngg",10,"Kreis 10","Fertigerstellt",25,198605,226691,364,253,111
2016,101,"Höngg",10,"Kreis 10","Im Bau",31,94580,119905,257,162,95
2016,102,"Wipkingen",10,"Kreis 10","Bewilligt",6,14000,14139,1,0,1
2016,102,"Wipkingen",10,"Kreis 10","Fertigerstellt",10,51475,48904,68,41,27
2016,102,"Wipkingen",10,"Kreis 10","Im Bau",22,120000,163052,209,132,77
2016,111,"Affoltern",11,"Kreis 11","Bewilligt",19,67800,69606,67,53,14
2016,111,"Affoltern",11,"Kreis 11","Fertigerstellt",11,118500,114463,83,50,33
2016,111,"Affoltern",11,"Kreis 11","Im Bau",84,123805,161057,251,123,128
2016,115,"Oerlikon",11,"Kreis 11","Bewilligt",51,166560,192812,193,128,65
2016,115,"Oerlikon",11,"Kreis 11","Fertigerstellt",15,36150,42935,59,47,12
2016,115,"Oerlikon",11,"Kreis 11","Im Bau",51,199658,239993,192,155,37
2016,119,"Seebach",11,"Kreis 11","Bewilligt",46,320148,479370,348,251,97
2016,119,"Seebach",11,"Kreis 11","Fertigerstellt",9,77924,169452,200,158,42
2016,119,"Seebach",11,"Kreis 11","Im Bau",38,194580,228027,108,60,48
2016,121,"Saatlen",12,"Kreis 12","Bewilligt",82,109990,137344,233,136,97
2016,121,"Saatlen",12,"Kreis 12","Fertigerstellt",16,35894,58170,64,64,0
2016,121,"Saatlen",12,"Kreis 12","Im Bau",50,45000,50100,92,52,40
2016,122,"Schwamendingen-Mitte",12,"Kreis 12","Bewilligt",6,11500,13256,39,36,3
2016,122,"Schwamendingen-Mitte",12,"Kreis 12","Fertigerstellt",6,30000,34500,58,43,15
2016,122,"Schwamendingen-Mitte",12,"Kreis 12","Im Bau",33,73904,68965,127,89,38
2016,123,"Hirzenbach",12,"Kreis 12","Bewilligt",89,106201,169271,370,252,118
2016,123,"Hirzenbach",12,"Kreis 12","Fertigerstellt",19,49050,154810,166,117,49
2016,123,"Hirzenbach",12,"Kreis 12","Im Bau",52,116090,308759,387,342,45
2017,12,"Hochschulen",1,"Kreis 1","Im Bau",6,180000,119733,0,0,0
2017,21,"Wollishofen",2,"Kreis 2","Bewilligt",59,422625,429625,272,179,93
2017,21,"Wollishofen",2,"Kreis 2","Fertigerstellt",27,152222,186878,321,174,147
2017,21,"Wollishofen",2,"Kreis 2","Im Bau",118,377280,731208,900,610,290
2017,23,"Leimbach",2,"Kreis 2","Bewilligt",27,53700,75410,152,120,32
2017,23,"Leimbach",2,"Kreis 2","Fertigerstellt",2,0,10008,17,4,13
2017,23,"Leimbach",2,"Kreis 2","Im Bau",1,0,6262,14,8,6
2017,24,"Enge",2,"Kreis 2","Bewilligt",7,11200,15450,33,28,5
2017,24,"Enge",2,"Kreis 2","Fertigerstellt",3,0,164437,5,1,4
2017,24,"Enge",2,"Kreis 2","Im Bau",24,0,300392,43,30,13
2017,31,"Alt-Wiedikon",3,"Kreis 3","Bewilligt",2,0,4171,0,0,0
2017,31,"Alt-Wiedikon",3,"Kreis 3","Fertigerstellt",3,0,14636,34,26,8
2017,31,"Alt-Wiedikon",3,"Kreis 3","Im Bau",25,89730,115049,384,323,61
2017,33,"Friesenberg",3,"Kreis 3","Fertigerstellt",8,114985,104971,38,30,8
2017,33,"Friesenberg",3,"Kreis 3","Im Bau",7,41600,51050,64,54,10
2017,34,"Sihlfeld",3,"Kreis 3","Bewilligt",15,0,44725,85,65,20
2017,34,"Sihlfeld",3,"Kreis 3","Fertigerstellt",6,0,55750,137,113,24
2017,34,"Sihlfeld",3,"Kreis 3","Im Bau",42,89600,94620,179,127,52
2017,41,"Werd",4,"Kreis 4","Bewilligt",26,75200,84959,112,90,22
2017,41,"Werd",4,"Kreis 4","Fertigerstellt",1,0,4150,6,2,4
2017,42,"Langstrasse",4,"Kreis 4","Fertigerstellt",10,215600,196643,95,71,24
2017,42,"Langstrasse",4,"Kreis 4","Im Bau",18,0,501617,303,243,60
2017,44,"Hard",4,"Kreis 4","Bewilligt",8,29360,33557,80,52,28
2017,44,"Hard",4,"Kreis 4","Fertigerstellt",7,0,47500,73,60,13
2017,44,"Hard",4,"Kreis 4","Im Bau",1,0,552282,0,0,0
2017,51,"Gewerbeschule",5,"Kreis 5","Bewilligt",11,66900,75318,102,74,28
2017,51,"Gewerbeschule",5,"Kreis 5","Im Bau",7,16900,18195,30,23,7
2017,52,"Escher Wyss",5,"Kreis 5","Bewilligt",27,252000,350490,0,0,0
2017,52,"Escher Wyss",5,"Kreis 5","Fertigerstellt",7,122000,227058,108,72,36
2017,52,"Escher Wyss",5,"Kreis 5","Im Bau",9,89610,121942,0,0,0
2017,61,"Unterstrass",6,"Kreis 6","Bewilligt",35,119710,164585,183,140,43
2017,61,"Unterstrass",6,"Kreis 6","Fertigerstellt",10,0,52290,78,41,37
2017,61,"Unterstrass",6,"Kreis 6","Im Bau",99,249000,267468,587,333,254
2017,63,"Oberstrass",6,"Kreis 6","Bewilligt",9,28800,28318,29,26,3
2017,63,"Oberstrass",6,"Kreis 6","Fertigerstellt",3,0,9428,6,1,5
2017,63,"Oberstrass",6,"Kreis 6","Im Bau",9,218900,167450,43,25,18
2017,71,"Fluntern",7,"Kreis 7","Bewilligt",18,42800,42020,45,18,27
2017,71,"Fluntern",7,"Kreis 7","Fertigerstellt",14,61962,47016,55,40,15
2017,71,"Fluntern",7,"Kreis 7","Im Bau",32,353409,266400,132,70,62
2017,72,"Hottingen",7,"Kreis 7","Bewilligt",14,118600,99631,36,20,16
2017,72,"Hottingen",7,"Kreis 7","Fertigerstellt",3,0,2025,4,4,0
2017,72,"Hottingen",7,"Kreis 7","Im Bau",2,0,3030,4,0,4
2017,73,"Hirslanden",7,"Kreis 7","Bewilligt",14,50267,54926,49,46,3
2017,73,"Hirslanden",7,"Kreis 7","Fertigerstellt",3,0,12456,26,20,6
2017,73,"Hirslanden",7,"Kreis 7","Im Bau",5,0,13123,24,12,12
2017,74,"Witikon",7,"Kreis 7","Bewilligt",24,79400,106037,195,138,57
2017,74,"Witikon",7,"Kreis 7","Fertigerstellt",5,10500,8482,9,2,7
2017,74,"Witikon",7,"Kreis 7","Im Bau",48,107000,117308,162,77,85
2017,81,"Seefeld",8,"Kreis 8","Bewilligt",28,107300,147790,120,38,82
2017,81,"Seefeld",8,"Kreis 8","Fertigerstellt",13,61850,68488,116,110,6
2017,82,"Mühlebach",8,"Kreis 8","Fertigerstellt",3,0,14130,38,36,2
2017,82,"Mühlebach",8,"Kreis 8","Im Bau",12,48580,66781,36,26,10
2017,83,"Weinegg",8,"Kreis 8","Bewilligt",27,665250,502611,133,101,32
2017,83,"Weinegg",8,"Kreis 8","Fertigerstellt",4,0,18702,10,3,7
2017,83,"Weinegg",8,"Kreis 8","Im Bau",17,49520,28451,20,6,14
2017,91,"Albisrieden",9,"Kreis 9","Bewilligt",20,126800,129983,255,237,18
2017,91,"Albisrieden",9,"Kreis 9","Fertigerstellt",27,108485,110029,179,108,71
2017,91,"Albisrieden",9,"Kreis 9","Im Bau",28,106600,178946,138,97,41
2017,92,"Altstetten",9,"Kreis 9","Bewilligt",92,233658,340711,493,336,157
2017,92,"Altstetten",9,"Kreis 9","Fertigerstellt",30,303459,300894,381,323,58
2017,92,"Altstetten",9,"Kreis 9","Im Bau",99,448568,594488,1048,835,213
2017,101,"Höngg",10,"Kreis 10","Bewilligt",21,26339,25864,38,23,15
2017,101,"Höngg",10,"Kreis 10","Fertigerstellt",11,42500,67970,101,66,35
2017,101,"Höngg",10,"Kreis 10","Im Bau",24,61707,60999,75,49,26
2017,102,"Wipkingen",10,"Kreis 10","Bewilligt",11,44100,52673,46,31,15
2017,102,"Wipkingen",10,"Kreis 10","Fertigerstellt",15,51400,99432,144,97,47
2017,102,"Wipkingen",10,"Kreis 10","Im Bau",8,70200,65375,1,0,1
2017,111,"Affoltern",11,"Kreis 11","Bewilligt",3,0,24127,17,12,5
2017,111,"Affoltern",11,"Kreis 11","Fertigerstellt",4,19100,19756,29,22,7
2017,111,"Affoltern",11,"Kreis 11","Im Bau",103,188705,226438,324,186,138
2017,115,"Oerlikon",11,"Kreis 11","Bewilligt",22,0,133495,147,137,10
2017,115,"Oerlikon",11,"Kreis 11","Fertigerstellt",22,96058,95493,169,140,29
2017,115,"Oerlikon",11,"Kreis 11","Im Bau",68,218720,271955,278,202,76
2017,119,"Seebach",11,"Kreis 11","Bewilligt",62,185190,288052,427,308,119
2017,119,"Seebach",11,"Kreis 11","Fertigerstellt",13,61698,81753,108,60,48
2017,119,"Seebach",11,"Kreis 11","Im Bau",45,445580,570432,429,333,96
2017,121,"Saatlen",12,"Kreis 12","Bewilligt",16,9450,10055,4,1,3
2017,121,"Saatlen",12,"Kreis 12","Fertigerstellt",16,48200,52744,92,54,38
2017,121,"Saatlen",12,"Kreis 12","Im Bau",68,99590,126500,228,137,91
2017,122,"Schwamendingen-Mitte",12,"Kreis 12","Bewilligt",4,9000,9976,30,26,4
2017,122,"Schwamendingen-Mitte",12,"Kreis 12","Fertigerstellt",4,11730,12738,27,21,6
2017,122,"Schwamendingen-Mitte",12,"Kreis 12","Im Bau",36,85434,77983,151,107,44
2017,123,"Hirzenbach",12,"Kreis 12","Bewilligt",18,47851,78009,123,92,31
2017,123,"Hirzenbach",12,"Kreis 12","Fertigerstellt",47,67500,257580,256,210,46
2017,123,"Hirzenbach",12,"Kreis 12","Im Bau",83,120140,155684,316,258,58
2018,12,"Hochschulen",1,"Kreis 1","Im Bau",6,180000,119733,0,0,0
2018,21,"Wollishofen",2,"Kreis 2","Bewilligt",33,212176,328390,59,44,15
2018,21,"Wollishofen",2,"Kreis 2","Fertigerstellt",39,224390,390066,561,357,204
2018,21,"Wollishofen",2,"Kreis 2","Im Bau",69,456180,637352,559,393,166
2018,23,"Leimbach",2,"Kreis 2","Bewilligt",31,66557,91635,168,134,34
2018,23,"Leimbach",2,"Kreis 2","Fertigerstellt",1,0,6262,14,8,6
2018,23,"Leimbach",2,"Kreis 2","Im Bau",2,0,2300,3,2,1
2018,24,"Enge",2,"Kreis 2","Bewilligt",23,74200,97404,175,145,30
2018,24,"Enge",2,"Kreis 2","Fertigerstellt",3,0,28563,7,6,1
2018,24,"Enge",2,"Kreis 2","Im Bau",17,0,272724,36,23,13
2018,31,"Alt-Wiedikon",3,"Kreis 3","Bewilligt",15,50936,60847,91,63,28
2018,31,"Alt-Wiedikon",3,"Kreis 3","Fertigerstellt",14,89730,115049,381,318,63
2018,33,"Friesenberg",3,"Kreis 3","Fertigerstellt",1,0,1050,1,1,0
2018,33,"Friesenberg",3,"Kreis 3","Im Bau",6,40600,50000,63,54,9
2018,34,"Sihlfeld",3,"Kreis 3","Bewilligt",10,27500,32861,44,35,9
2018,34,"Sihlfeld",3,"Kreis 3","Fertigerstellt",6,0,21041,15,15,0
2018,34,"Sihlfeld",3,"Kreis 3","Im Bau",48,105500,118304,251,194,57
2018,41,"Werd",4,"Kreis 4","Bewilligt",19,42324,44293,98,89,9
2018,41,"Werd",4,"Kreis 4","Im Bau",23,67040,78717,88,66,22
2018,42,"Langstrasse",4,"Kreis 4","Bewilligt",1,0,3695,15,15,0
2018,42,"Langstrasse",4,"Kreis 4","Im Bau",18,411400,501617,303,243,60
2018,44,"Hard",4,"Kreis 4","Bewilligt",4,0,63639,34,34,0
2018,44,"Hard",4,"Kreis 4","Im Bau",8,593370,580599,46,18,28
2018,51,"Gewerbeschule",5,"Kreis 5","Bewilligt",1,0,100,0,0,0
2018,51,"Gewerbeschule",5,"Kreis 5","Fertigerstellt",2,0,9599,12,12,0
2018,51,"Gewerbeschule",5,"Kreis 5","Im Bau",14,79550,84018,120,84,36
2018,52,"Escher Wyss",5,"Kreis 5","Bewilligt",2,0,40678,0,0,0
2018,52,"Escher Wyss",5,"Kreis 5","Fertigerstellt",0,20000,38700,0,0,0
2018,52,"Escher Wyss",5,"Kreis 5","Im Bau",36,404510,485817,0,0,0
2018,61,"Unterstrass",6,"Kreis 6","Bewilligt",30,115580,167209,173,120,53
2018,61,"Unterstrass",6,"Kreis 6","Fertigerstellt",20,0,121871,292,166,126
2018,61,"Unterstrass",6,"Kreis 6","Im Bau",44,156860,183223,369,232,137
2018,63,"Oberstrass",6,"Kreis 6","Bewilligt",12,34400,33563,30,27,3
2018,63,"Oberstrass",6,"Kreis 6","Fertigerstellt",3,0,21815,42,25,17
2018,63,"Oberstrass",6,"Kreis 6","Im Bau",4,196150,145762,1,0,1
2018,71,"Fluntern",7,"Kreis 7","Bewilligt",22,49690,51600,53,15,38
2018,71,"Fluntern",7,"Kreis 7","Fertigerstellt",11,46109,68337,120,63,57
2018,71,"Fluntern",7,"Kreis 7","Im Bau",27,323300,213858,28,16,12
2018,72,"Hottingen",7,"Kreis 7","Bewilligt",18,129900,115620,62,40,22
2018,72,"Hottingen",7,"Kreis 7","Im Bau",6,13843,10905,12,2,10
2018,73,"Hirslanden",7,"Kreis 7","Bewilligt",8,19800,20783,41,40,1
2018,73,"Hirslanden",7,"Kreis 7","Im Bau",10,50267,47266,28,13,15
2018,74,"Witikon",7,"Kreis 7","Bewilligt",10,45457,67457,131,110,21
2018,74,"Witikon",7,"Kreis 7","Fertigerstellt",22,76500,86707,126,70,56
2018,74,"Witikon",7,"Kreis 7","Im Bau",37,74030,80716,108,40,68
2018,81,"Seefeld",8,"Kreis 8","Bewilligt",3,0,45255,0,0,0
2018,81,"Seefeld",8,"Kreis 8","Im Bau",27,95867,98290,120,38,82
2018,82,"Mühlebach",8,"Kreis 8","Bewilligt",3,0,6000,18,17,1
2018,82,"Mühlebach",8,"Kreis 8","Fertigerstellt",3,0,12005,23,21,2
2018,82,"Mühlebach",8,"Kreis 8","Im Bau",8,36500,54776,12,4,8
2018,83,"Weinegg",8,"Kreis 8","Bewilligt",6,10600,11083,24,21,3
2018,83,"Weinegg",8,"Kreis 8","Fertigerstellt",6,0,12575,15,4,11
2018,83,"Weinegg",8,"Kreis 8","Im Bau",35,700493,518487,137,107,30
2018,91,"Albisrieden",9,"Kreis 9","Bewilligt",43,119950,134377,288,260,28
2018,91,"Albisrieden",9,"Kreis 9","Fertigerstellt",16,48250,51219,104,78,26
2018,91,"Albisrieden",9,"Kreis 9","Im Bau",21,140150,217632,184,152,32
2018,92,"Altstetten",9,"Kreis 9","Bewilligt",53,356868,442319,330,295,35
2018,92,"Altstetten",9,"Kreis 9","Fertigerstellt",41,323351,425794,751,634,117
2018,92,"Altstetten",9,"Kreis 9","Im Bau",125,405369,596443,750,467,283
2018,101,"Höngg",10,"Kreis 10","Bewilligt",35,0,81111,68,41,27
2018,101,"Höngg",10,"Kreis 10","Fertigerstellt",14,0,63570,79,51,28
2018,101,"Höngg",10,"Kreis 10","Im Bau",15,22100,20611,32,12,20
2018,102,"Wipkingen",10,"Kreis 10","Bewilligt",1,0,1071,2,1,1
2018,102,"Wipkingen",10,"Kreis 10","Fertigerstellt",3,0,26775,1,0,1
2018,102,"Wipkingen",10,"Kreis 10","Im Bau",14,94863,90202,44,30,14
2018,111,"Affoltern",11,"Kreis 11","Bewilligt",11,15000,27640,64,51,13
2018,111,"Affoltern",11,"Kreis 11","Fertigerstellt",48,140233,177470,308,176,132
2018,111,"Affoltern",11,"Kreis 11","Im Bau",16,64480,73095,32,27,5
2018,115,"Oerlikon",11,"Kreis 11","Bewilligt",29,124487,143754,171,163,8
2018,115,"Oerlikon",11,"Kreis 11","Fertigerstellt",23,182050,238972,223,160,63
2018,115,"Oerlikon",11,"Kreis 11","Im Bau",19,51720,51035,101,84,17
2018,119,"Seebach",11,"Kreis 11","Bewilligt",103,530100,808109,804,489,315
2018,119,"Seebach",11,"Kreis 11","Fertigerstellt",9,141713,156058,12,11,1
2018,119,"Seebach",11,"Kreis 11","Im Bau",69,403535,538146,627,459,168
2018,121,"Saatlen",12,"Kreis 12","Bewilligt",3,0,1855,0,0,0
2018,121,"Saatlen",12,"Kreis 12","Fertigerstellt",9,6703,6380,24,24,0
2018,121,"Saatlen",12,"Kreis 12","Im Bau",70,101590,127548,232,138,94
2018,122,"Schwamendingen-Mitte",12,"Kreis 12","Bewilligt",8,0,33606,17,12,5
2018,122,"Schwamendingen-Mitte",12,"Kreis 12","Fertigerstellt",10,78434,71283,134,88,46
2018,122,"Schwamendingen-Mitte",12,"Kreis 12","Im Bau",6,8500,9070,33,32,1
2018,123,"Hirzenbach",12,"Kreis 12","Bewilligt",19,50913,80650,123,92,31
2018,123,"Hirzenbach",12,"Kreis 12","Fertigerstellt",12,55140,56878,115,101,14
2018,123,"Hirzenbach",12,"Kreis 12","Im Bau",68,65180,99901,203,159,44
2019,12,"Hochschulen",1,"Kreis 1","Im Bau",6,0,119733,0,0,0
2019,13,"Lindenhof",1,"Kreis 1","Im Bau",2,0,5300,0,0,0
2019,21,"Wollishofen",2,"Kreis 2","Bewilligt",36,142557,149053,183,156,27
2019,21,"Wollishofen",2,"Kreis 2","Fertigerstellt",4,18280,18580,32,17,15
2019,21,"Wollishofen",2,"Kreis 2","Im Bau",88,597521,832024,800,543,257
2019,23,"Leimbach",2,"Kreis 2","Bewilligt",31,63721,85626,178,148,30
2019,23,"Leimbach",2,"Kreis 2","Fertigerstellt",2,0,7660,3,2,1
2019,23,"Leimbach",2,"Kreis 2","Im Bau",3,0,9300,11,9,2
2019,24,"Enge",2,"Kreis 2","Bewilligt",32,314497,300790,166,139,27
2019,24,"Enge",2,"Kreis 2","Fertigerstellt",4,0,19563,34,21,13
2019,24,"Enge",2,"Kreis 2","Im Bau",8,0,266735,20,14,6
2019,31,"Alt-Wiedikon",3,"Kreis 3","Bewilligt",26,74976,85646,152,111,41
2019,31,"Alt-Wiedikon",3,"Kreis 3","Im Bau",2,0,4171,0,0,0
2019,33,"Friesenberg",3,"Kreis 3","Bewilligt",15,21470,25404,37,36,1
2019,33,"Friesenberg",3,"Kreis 3","Fertigerstellt",4,20300,33333,33,33,0
2019,33,"Friesenberg",3,"Kreis 3","Im Bau",2,0,16667,30,21,9
2019,34,"Sihlfeld",3,"Kreis 3","Bewilligt",12,33000,34441,30,21,9
2019,34,"Sihlfeld",3,"Kreis 3","Fertigerstellt",16,88150,98597,193,136,57
2019,34,"Sihlfeld",3,"Kreis 3","Im Bau",12,22500,30542,78,77,1
2019,41,"Werd",4,"Kreis 4","Bewilligt",19,42324,44293,98,89,9
2019,41,"Werd",4,"Kreis 4","Fertigerstellt",1,0,11460,2,1,1
2019,41,"Werd",4,"Kreis 4","Im Bau",19,45140,53057,86,65,21
2019,42,"Langstrasse",4,"Kreis 4","Fertigerstellt",11,260000,347117,307,248,59
2019,42,"Langstrasse",4,"Kreis 4","Im Bau",6,154950,158195,15,15,0
2019,44,"Hard",4,"Kreis 4","Bewilligt",46,142500,173600,327,232,95
2019,44,"Hard",4,"Kreis 4","Fertigerstellt",0,1010,60,0,0,0
2019,44,"Hard",4,"Kreis 4","Im Bau",12,647672,651258,80,52,28
2019,51,"Gewerbeschule",5,"Kreis 5","Bewilligt",5,12500,11850,34,33,1
2019,51,"Gewerbeschule",5,"Kreis 5","Fertigerstellt",3,0,21300,45,35,10
2019,51,"Gewerbeschule",5,"Kreis 5","Im Bau",9,55050,62818,75,51,24
2019,52,"Escher Wyss",5,"Kreis 5","Fertigerstellt",0,73110,86492,0,0,0
2019,52,"Escher Wyss",5,"Kreis 5","Im Bau",30,364525,455623,0,0,0
2019,61,"Unterstrass",6,"Kreis 6","Bewilligt",44,91617,135016,212,151,61
2019,61,"Unterstrass",6,"Kreis 6","Fertigerstellt",10,0,36140,72,65,7
2019,61,"Unterstrass",6,"Kreis 6","Im Bau",54,251080,314292,472,287,185
2019,63,"Oberstrass",6,"Kreis 6","Bewilligt",16,34785,35147,64,56,8
2019,63,"Oberstrass",6,"Kreis 6","Fertigerstellt",1,0,650,1,0,1
2019,63,"Oberstrass",6,"Kreis 6","Im Bau",6,202200,151380,1,1,0
2019,71,"Fluntern",7,"Kreis 7","Bewilligt",26,43700,40430,40,17,23
2019,71,"Fluntern",7,"Kreis 7","Fertigerstellt",13,130700,96289,15,9,6
2019,71,"Fluntern",7,"Kreis 7","Im Bau",26,234640,149227,57,18,39
2019,72,"Hottingen",7,"Kreis 7","Bewilligt",19,128766,116688,67,46,21
2019,72,"Hottingen",7,"Kreis 7","Fertigerstellt",3,0,9905,12,2,10
2019,72,"Hottingen",7,"Kreis 7","Im Bau",5,11000,11670,12,8,4
2019,73,"Hirslanden",7,"Kreis 7","Bewilligt",17,35200,38007,74,62,12
2019,73,"Hirslanden",7,"Kreis 7","Fertigerstellt",3,0,16366,28,17,11
2019,73,"Hirslanden",7,"Kreis 7","Im Bau",5,38667,38183,16,16,0
2019,74,"Witikon",7,"Kreis 7","Bewilligt",25,64842,89171,174,132,42
2019,74,"Witikon",7,"Kreis 7","Fertigerstellt",10,30057,27232,33,23,10
2019,74,"Witikon",7,"Kreis 7","Im Bau",25,51818,66227,89,46,43
2019,81,"Seefeld",8,"Kreis 8","Bewilligt",4,54780,51519,15,11,4
2019,81,"Seefeld",8,"Kreis 8","Fertigerstellt",0,700,480,0,0,0
2019,81,"Seefeld",8,"Kreis 8","Im Bau",27,95867,98290,120,38,82
2019,82,"Mühlebach",8,"Kreis 8","Bewilligt",7,10200,7720,20,17,3
2019,82,"Mühlebach",8,"Kreis 8","Fertigerstellt",2,0,54776,12,4,8
2019,83,"Weinegg",8,"Kreis 8","Bewilligt",23,28600,27583,35,21,14
2019,83,"Weinegg",8,"Kreis 8","Fertigerstellt",12,64100,55124,79,56,23
2019,83,"Weinegg",8,"Kreis 8","Im Bau",20,637393,464973,59,48,11
2019,91,"Albisrieden",9,"Kreis 9","Bewilligt",42,63895,88430,187,144,43
2019,91,"Albisrieden",9,"Kreis 9","Fertigerstellt",8,122350,197297,126,100,26
2019,91,"Albisrieden",9,"Kreis 9","Im Bau",32,163400,152644,218,200,18
2019,92,"Altstetten",9,"Kreis 9","Bewilligt",65,204860,258675,469,400,69
2019,92,"Altstetten",9,"Kreis 9","Fertigerstellt",35,121605,161437,269,171,98
2019,92,"Altstetten",9,"Kreis 9","Im Bau",126,586942,779993,708,494,214
2019,101,"Höngg",10,"Kreis 10","Bewilligt",45,81807,75405,111,72,39
2019,101,"Höngg",10,"Kreis 10","Fertigerstellt",5,0,12577,18,14,4
2019,101,"Höngg",10,"Kreis 10","Im Bau",29,46080,44847,47,19,28
2019,102,"Wipkingen",10,"Kreis 10","Bewilligt",15,26141,22036,42,25,17
2019,102,"Wipkingen",10,"Kreis 10","Fertigerstellt",3,0,48286,0,0,0
2019,102,"Wipkingen",10,"Kreis 10","Im Bau",13,47080,53787,60,39,21
2019,111,"Affoltern",11,"Kreis 11","Bewilligt",102,188109,279039,523,333,190
2019,111,"Affoltern",11,"Kreis 11","Fertigerstellt",7,64480,73095,32,28,4
2019,111,"Affoltern",11,"Kreis 11","Im Bau",11,20500,25825,48,30,18
2019,115,"Oerlikon",11,"Kreis 11","Bewilligt",9,89722,95713,32,29,3
2019,115,"Oerlikon",11,"Kreis 11","Fertigerstellt",7,47420,45404,100,87,13
2019,115,"Oerlikon",11,"Kreis 11","Im Bau",45,76728,88745,222,193,29
2019,119,"Seebach",11,"Kreis 11","Bewilligt",80,406665,608632,662,422,240
2019,119,"Seebach",11,"Kreis 11","Fertigerstellt",9,53535,58183,147,131,16
2019,119,"Seebach",11,"Kreis 11","Im Bau",93,554722,719119,900,636,264
2019,121,"Saatlen",12,"Kreis 12","Bewilligt",3,0,1855,0,0,0
2019,121,"Saatlen",12,"Kreis 12","Fertigerstellt",22,99590,126500,229,138,91
2019,121,"Saatlen",12,"Kreis 12","Im Bau",2,0,1048,4,1,3
2019,122,"Schwamendingen-Mitte",12,"Kreis 12","Bewilligt",54,118200,156610,308,214,94
2019,122,"Schwamendingen-Mitte",12,"Kreis 12","Fertigerstellt",2,0,9070,33,32,1
2019,122,"Schwamendingen-Mitte",12,"Kreis 12","Im Bau",2,0,10525,14,1,13
2019,123,"Hirzenbach",12,"Kreis 12","Bewilligt",29,0,117160,207,172,35
2019,123,"Hirzenbach",12,"Kreis 12","Fertigerstellt",17,0,76363,124,80,44
2019,123,"Hirzenbach",12,"Kreis 12","Im Bau",2,0,26179,79,79,0
2020,12,"Hochschulen",1,"Kreis 1","Im Bau",6,0,119733,0,0,0
2020,13,"Lindenhof",1,"Kreis 1","Im Bau",2,0,5300,0,0,0
2020,21,"Wollishofen",2,"Kreis 2","Bewilligt",57,182446,236383,487,382,105
2020,21,"Wollishofen",2,"Kreis 2","Fertigerstellt",18,95443,365964,226,163,63
2020,21,"Wollishofen",2,"Kreis 2","Im Bau",75,578548,793871,653,447,206
2020,23,"Leimbach",2,"Kreis 2","Fertigerstellt",0,3500,3931,0,0,0
2020,23,"Leimbach",2,"Kreis 2","Im Bau",31,63921,77238,167,135,32
2020,24,"Enge",2,"Kreis 2","Bewilligt",38,95885,123839,222,189,33
2020,24,"Enge",2,"Kreis 2","Fertigerstellt",0,110000,66811,0,0,0
2020,24,"Enge",2,"Kreis 2","Im Bau",15,278500,410207,18,12,6
2020,31,"Alt-Wiedikon",3,"Kreis 3","Bewilligt",101,370936,620268,894,684,210
2020,31,"Alt-Wiedikon",3,"Kreis 3","Im Bau",17,46735,42837,80,61,19
2020,33,"Friesenberg",3,"Kreis 3","Bewilligt",7,3570,5843,12,11,1
2020,33,"Friesenberg",3,"Kreis 3","Fertigerstellt",4,26420,22043,30,21,9
2020,33,"Friesenberg",3,"Kreis 3","Im Bau",9,14300,18130,36,36,0
2020,34,"Sihlfeld",3,"Kreis 3","Bewilligt",12,27410,15570,71,62,9
2020,34,"Sihlfeld",3,"Kreis 3","Fertigerstellt",4,18000,21717,61,60,1
2020,34,"Sihlfeld",3,"Kreis 3","Im Bau",12,40500,43266,47,38,9
2020,41,"Werd",4,"Kreis 4","Bewilligt",19,43524,44293,98,89,9
2020,41,"Werd",4,"Kreis 4","Fertigerstellt",2,0,7345,8,7,1
2020,41,"Werd",4,"Kreis 4","Im Bau",18,44000,51325,82,63,19
2020,42,"Langstrasse",4,"Kreis 4","Bewilligt",2,0,5150,12,12,0
2020,42,"Langstrasse",4,"Kreis 4","Fertigerstellt",0,0,154500,0,0,0
2020,42,"Langstrasse",4,"Kreis 4","Im Bau",4,8898,9284,57,56,1
2020,44,"Hard",4,"Kreis 4","Bewilligt",9,0,37775,0,0,0
2020,44,"Hard",4,"Kreis 4","Fertigerstellt",0,48312,65419,0,0,0
2020,44,"Hard",4,"Kreis 4","Im Bau",52,749360,747439,405,286,119
2020,51,"Gewerbeschule",5,"Kreis 5","Bewilligt",7,17847,17595,34,33,1
2020,51,"Gewerbeschule",5,"Kreis 5","Fertigerstellt",1,0,9518,27,27,0
2020,51,"Gewerbeschule",5,"Kreis 5","Im Bau",8,56500,63400,85,59,26
2020,52,"Escher Wyss",5,"Kreis 5","Bewilligt",6,220290,206488,189,120,69
2020,52,"Escher Wyss",5,"Kreis 5","Fertigerstellt",8,0,189163,0,0,0
2020,52,"Escher Wyss",5,"Kreis 5","Im Bau",8,215825,266460,0,0,0
2020,61,"Unterstrass",6,"Kreis 6","Bewilligt",47,163102,154527,281,238,43
2020,61,"Unterstrass",6,"Kreis 6","Fertigerstellt",25,134550,155147,307,172,135
2020,61,"Unterstrass",6,"Kreis 6","Im Bau",62,169145,219425,252,167,85
2020,63,"Oberstrass",6,"Kreis 6","Bewilligt",8,38632,25479,4,1,3
2020,63,"Oberstrass",6,"Kreis 6","Fertigerstellt",0,5430,5308,0,0,0
2020,63,"Oberstrass",6,"Kreis 6","Im Bau",24,242100,185016,70,62,8
2020,71,"Fluntern",7,"Kreis 7","Bewilligt",34,83607,88224,105,54,51
2020,71,"Fluntern",7,"Kreis 7","Fertigerstellt",0,0,110442,0,0,0
2020,71,"Fluntern",7,"Kreis 7","Im Bau",19,57090,42876,66,26,40
2020,72,"Hottingen",7,"Kreis 7","Bewilligt",19,152404,127710,59,41,18
2020,72,"Hottingen",7,"Kreis 7","Fertigerstellt",0,2000,1000,0,0,0
2020,72,"Hottingen",7,"Kreis 7","Im Bau",13,28316,26638,32,22,10
2020,73,"Hirslanden",7,"Kreis 7","Bewilligt",18,32900,35867,75,70,5
2020,73,"Hirslanden",7,"Kreis 7","Fertigerstellt",1,0,7283,16,16,0
2020,73,"Hirslanden",7,"Kreis 7","Im Bau",22,67341,65494,63,45,18
2020,74,"Witikon",7,"Kreis 7","Bewilligt",29,80952,105221,230,194,36
2020,74,"Witikon",7,"Kreis 7","Fertigerstellt",12,48792,60222,87,45,42
2020,74,"Witikon",7,"Kreis 7","Im Bau",20,31976,41490,65,36,29
2020,81,"Seefeld",8,"Kreis 8","Bewilligt",5,59645,53929,14,13,1
2020,81,"Seefeld",8,"Kreis 8","Im Bau",29,101147,197534,135,49,86
2020,82,"Mühlebach",8,"Kreis 8","Bewilligt",17,38800,34808,69,51,18
2020,82,"Mühlebach",8,"Kreis 8","Fertigerstellt",0,1400,300,0,0,0
2020,83,"Weinegg",8,"Kreis 8","Bewilligt",29,33600,26345,31,10,21
2020,83,"Weinegg",8,"Kreis 8","Fertigerstellt",10,37393,34973,58,47,11
2020,83,"Weinegg",8,"Kreis 8","Im Bau",14,620000,442611,24,21,3
2020,91,"Albisrieden",9,"Kreis 9","Bewilligt",33,128512,172497,347,267,80
2020,91,"Albisrieden",9,"Kreis 9","Fertigerstellt",11,23100,30666,45,40,5
2020,91,"Albisrieden",9,"Kreis 9","Im Bau",79,260300,250638,442,356,86
2020,92,"Altstetten",9,"Kreis 9","Bewilligt",71,201706,244567,534,389,145
2020,92,"Altstetten",9,"Kreis 9","Fertigerstellt",26,161732,225316,221,128,93
2020,92,"Altstetten",9,"Kreis 9","Im Bau",115,602465,768757,877,675,202
2020,101,"Höngg",10,"Kreis 10","Bewilligt",39,72113,99610,136,85,51
2020,101,"Höngg",10,"Kreis 10","Fertigerstellt",14,28700,30636,35,14,21
2020,101,"Höngg",10,"Kreis 10","Im Bau",51,94047,84848,118,75,43
2020,102,"Wipkingen",10,"Kreis 10","Bewilligt",25,49916,51543,107,83,24
2020,102,"Wipkingen",10,"Kreis 10","Fertigerstellt",7,36000,42987,30,29,1
2020,102,"Wipkingen",10,"Kreis 10","Im Bau",13,25880,23121,39,24,15
2020,111,"Affoltern",11,"Kreis 11","Bewilligt",74,132700,168635,327,199,128
2020,111,"Affoltern",11,"Kreis 11","Fertigerstellt",1,0,864,1,0,1
2020,111,"Affoltern",11,"Kreis 11","Im Bau",50,124718,159037,289,205,84
2020,115,"Oerlikon",11,"Kreis 11","Bewilligt",28,47286,45269,107,87,20
2020,115,"Oerlikon",11,"Kreis 11","Fertigerstellt",14,0,57679,144,129,15
2020,115,"Oerlikon",11,"Kreis 11","Im Bau",25,119791,130339,120,102,18
2020,119,"Seebach",11,"Kreis 11","Bewilligt",132,447862,609759,770,422,348
2020,119,"Seebach",11,"Kreis 11","Fertigerstellt",17,224300,410495,391,291,100
2020,119,"Seebach",11,"Kreis 11","Im Bau",86,479772,902977,1143,832,311
2020,121,"Saatlen",12,"Kreis 12","Fertigerstellt",4,0,2903,4,1,3
2020,122,"Schwamendingen-Mitte",12,"Kreis 12","Bewilligt",43,107000,141237,320,209,111
2020,122,"Schwamendingen-Mitte",12,"Kreis 12","Im Bau",23,38200,50135,56,41,15
2020,123,"Hirzenbach",12,"Kreis 12","Bewilligt",42,128109,177391,305,235,70
2020,123,"Hirzenbach",12,"Kreis 12","Fertigerstellt",2,0,26179,79,79,0
2021,12,"Hochschulen",1,"Kreis 1","Fertigerstellt",0,180000,119733,0,0,0
2021,13,"Lindenhof",1,"Kreis 1","Fertigerstellt",0,11630,5300,0,0,0
2021,21,"Wollishofen",2,"Kreis 2","Bewilligt",35,70846,87370,156,93,63
2021,21,"Wollishofen",2,"Kreis 2","Fertigerstellt",28,349456,346515,214,140,74
2021,21,"Wollishofen",2,"Kreis 2","Im Bau",63,320688,622599,796,611,185
2021,23,"Leimbach",2,"Kreis 2","Bewilligt",4,3400,4500,9,7,2
2021,23,"Leimbach",2,"Kreis 2","Fertigerstellt",8,56200,68653,140,109,31
2021,23,"Leimbach",2,"Kreis 2","Im Bau",7,10194,22342,48,47,1
2021,24,"Enge",2,"Kreis 2","Bewilligt",22,48895,51881,92,76,16
2021,24,"Enge",2,"Kreis 2","Fertigerstellt",4,49480,202417,18,13,5
2021,24,"Enge",2,"Kreis 2","Im Bau",11,239800,217583,15,12,3
2021,31,"Alt-Wiedikon",3,"Kreis 3","Bewilligt",39,134306,237280,395,270,125
2021,31,"Alt-Wiedikon",3,"Kreis 3","Fertigerstellt",3,0,10432,5,2,3
2021,31,"Alt-Wiedikon",3,"Kreis 3","Im Bau",15,56140,59154,73,55,18
2021,33,"Friesenberg",3,"Kreis 3","Bewilligt",1,0,1945,3,3,0
2021,33,"Friesenberg",3,"Kreis 3","Im Bau",16,18260,23973,48,47,1
2021,34,"Sihlfeld",3,"Kreis 3","Bewilligt",9,0,21271,61,60,1
2021,34,"Sihlfeld",3,"Kreis 3","Fertigerstellt",5,0,19230,17,17,0
2021,34,"Sihlfeld",3,"Kreis 3","Im Bau",15,46200,45676,107,90,17
2021,41,"Werd",4,"Kreis 4","Bewilligt",15,31524,36518,74,65,9
2021,41,"Werd",4,"Kreis 4","Fertigerstellt",8,36000,45712,80,61,19
2021,41,"Werd",4,"Kreis 4","Im Bau",5,13000,10213,12,12,0
2021,42,"Langstrasse",4,"Kreis 4","Fertigerstellt",1,0,3695,15,14,1
2021,42,"Langstrasse",4,"Kreis 4","Im Bau",12,47900,38859,105,101,4
2021,44,"Hard",4,"Kreis 4","Fertigerstellt",7,0,33557,76,48,28
2021,44,"Hard",4,"Kreis 4","Im Bau",50,734633,739657,325,234,91
2021,51,"Gewerbeschule",5,"Kreis 5","Bewilligt",11,38000,43356,0,0,0
2021,51,"Gewerbeschule",5,"Kreis 5","Fertigerstellt",1,0,53200,55,28,27
2021,51,"Gewerbeschule",5,"Kreis 5","Im Bau",10,26450,27795,64,63,1
2021,52,"Escher Wyss",5,"Kreis 5","Fertigerstellt",0,190700,225782,0,0,0
2021,52,"Escher Wyss",5,"Kreis 5","Im Bau",8,245415,247166,189,120,69
2021,61,"Unterstrass",6,"Kreis 6","Bewilligt",25,88254,104266,160,113,47
2021,61,"Unterstrass",6,"Kreis 6","Fertigerstellt",23,91245,126260,179,127,52
2021,61,"Unterstrass",6,"Kreis 6","Im Bau",45,116700,119588,168,126,42
2021,63,"Oberstrass",6,"Kreis 6","Bewilligt",8,53700,29162,17,17,0
2021,63,"Oberstrass",6,"Kreis 6","Fertigerstellt",7,216309,162273,37,32,5
2021,63,"Oberstrass",6,"Kreis 6","Im Bau",19,49900,43784,37,31,6
2021,71,"Fluntern",7,"Kreis 7","Bewilligt",8,22550,26178,21,17,4
2021,71,"Fluntern",7,"Kreis 7","Fertigerstellt",7,26196,19934,32,19,13
2021,71,"Fluntern",7,"Kreis 7","Im Bau",17,63335,49781,57,15,42
2021,72,"Hottingen",7,"Kreis 7","Bewilligt",11,131500,102660,13,8,5
2021,72,"Hottingen",7,"Kreis 7","Fertigerstellt",4,12016,13358,10,4,6
2021,72,"Hottingen",7,"Kreis 7","Im Bau",16,38004,38330,66,47,19
2021,73,"Hirslanden",7,"Kreis 7","Bewilligt",9,22280,18634,33,29,4
2021,73,"Hirslanden",7,"Kreis 7","Fertigerstellt",5,34867,36375,2,0,2
2021,73,"Hirslanden",7,"Kreis 7","Im Bau",28,57200,51486,111,91,20
2021,74,"Witikon",7,"Kreis 7","Bewilligt",19,33442,35138,51,35,16
2021,74,"Witikon",7,"Kreis 7","Fertigerstellt",4,13626,18035,25,13,12
2021,74,"Witikon",7,"Kreis 7","Im Bau",33,93442,121559,260,209,51
2021,81,"Seefeld",8,"Kreis 8","Fertigerstellt",20,95867,190790,121,35,86
2021,81,"Seefeld",8,"Kreis 8","Im Bau",2,0,6744,15,11,4
2021,82,"Mühlebach",8,"Kreis 8","Im Bau",14,0,28808,51,34,17
2021,83,"Weinegg",8,"Kreis 8","Bewilligt",17,18000,16500,11,0,11
2021,83,"Weinegg",8,"Kreis 8","Fertigerstellt",0,2800,1980,0,0,0
2021,83,"Weinegg",8,"Kreis 8","Im Bau",21,623100,445098,32,21,11
2021,91,"Albisrieden",9,"Kreis 9","Bewilligt",27,71095,93712,173,119,54
2021,91,"Albisrieden",9,"Kreis 9","Fertigerstellt",12,38700,45399,89,65,24
2021,91,"Albisrieden",9,"Kreis 9","Im Bau",90,347165,353726,652,530,122
2021,92,"Altstetten",9,"Kreis 9","Bewilligt",47,165000,189363,429,298,131
2021,92,"Altstetten",9,"Kreis 9","Fertigerstellt",27,159670,246183,384,278,106
2021,92,"Altstetten",9,"Kreis 9","Im Bau",113,593275,671063,782,601,181
2021,101,"Höngg",10,"Kreis 10","Bewilligt",12,18410,18482,31,20,11
2021,101,"Höngg",10,"Kreis 10","Fertigerstellt",11,0,39523,63,45,18
2021,101,"Höngg",10,"Kreis 10","Im Bau",55,103017,115531,145,95,50
2021,102,"Wipkingen",10,"Kreis 10","Bewilligt",10,19075,20750,52,40,12
2021,102,"Wipkingen",10,"Kreis 10","Fertigerstellt",3,0,13680,23,17,6
2021,102,"Wipkingen",10,"Kreis 10","Im Bau",16,33325,32737,67,53,14
2021,111,"Affoltern",11,"Kreis 11","Bewilligt",8,6500,8240,17,16,1
2021,111,"Affoltern",11,"Kreis 11","Fertigerstellt",5,10718,21037,58,49,9
2021,111,"Affoltern",11,"Kreis 11","Im Bau",124,289760,347277,567,358,209
2021,115,"Oerlikon",11,"Kreis 11","Bewilligt",29,131880,161371,110,97,13
2021,115,"Oerlikon",11,"Kreis 11","Fertigerstellt",7,25820,27934,58,54,4
2021,115,"Oerlikon",11,"Kreis 11","Im Bau",32,136891,141104,152,120,32
2021,119,"Seebach",11,"Kreis 11","Bewilligt",17,18894,18785,50,41,9
2021,119,"Seebach",11,"Kreis 11","Fertigerstellt",22,103780,141238,214,118,96
2021,119,"Seebach",11,"Kreis 11","Im Bau",184,867143,1411839,1659,1098,561
2021,122,"Schwamendingen-Mitte",12,"Kreis 12","Bewilligt",6,0,26000,3,2,1
2021,122,"Schwamendingen-Mitte",12,"Kreis 12","Fertigerstellt",4,10100,11875,14,1,13
2021,122,"Schwamendingen-Mitte",12,"Kreis 12","Im Bau",54,120100,156873,371,259,112
2021,123,"Hirzenbach",12,"Kreis 12","Bewilligt",2,0,13197,29,19,10
2021,123,"Hirzenbach",12,"Kreis 12","Fertigerstellt",0,11000,15356,0,0,0
2021,123,"Hirzenbach",12,"Kreis 12","Im Bau",60,73696,109687,192,136,56
